,watchId,timeFromStart,time,heartRate,confidence,ppgRaw,ppgFilter,timeDifference
0,W002,39052,2025-06-09 15:47:40.080000-04:00,84,19,3662,7680,
1,W002,39094,2025-06-09 15:47:40.122000-04:00,84,19,3630,-1280,42.0
2,W002,39135,2025-06-09 15:47:40.163000-04:00,84,19,3630,-1024,41.0
3,W002,39177,2025-06-09 15:47:40.205000-04:00,84,19,3638,1280,42.0
4,W002,39218,2025-06-09 15:47:40.246000-04:00,84,19,3630,-768,41.0
5,W002,39260,2025-06-09 15:47:40.288000-04:00,84,19,3622,-2560,42.0
6,W002,39301,2025-06-09 15:47:40.329000-04:00,84,19,3582,-12288,41.0
7,W002,39346,2025-06-09 15:47:40.374000-04:00,84,19,3574,-12800,45.0
8,W002,39385,2025-06-09 15:47:40.413000-04:00,84,19,3550,-17152,39.0
9,W002,39434,2025-06-09 15:47:40.462000-04:00,84,19,3518,-23040,49.0
10,W002,39517,2025-06-09 15:47:40.545000-04:00,84,19,3494,-23296,83.0
11,W002,39593,2025-06-09 15:47:40.621000-04:00,84,19,3454,-27136,76.0
12,W002,39635,2025-06-09 15:47:40.663000-04:00,84,19,3422,-31744,42.0
13,W002,39678,2025-06-09 15:47:40.706000-04:00,84,19,3422,-27648,43.0
14,W002,39717,2025-06-09 15:47:40.745000-04:00,84,19,3478,-9728,39.0
15,W002,39759,2025-06-09 15:47:40.787000-04:00,84,19,3542,7936,42.0
16,W002,39800,2025-06-09 15:47:40.828000-04:00,84,19,3550,9216,41.0
17,W002,39842,2025-06-09 15:47:40.870000-04:00,84,19,3542,6144,42.0
18,W002,39884,2025-06-09 15:47:40.912000-04:00,84,19,3534,3328,42.0
19,W002,39925,2025-06-09 15:47:40.953000-04:00,84,19,3510,-3072,41.0
20,W002,39967,2025-06-09 15:47:40.995000-04:00,84,19,3494,-6656,42.0
21,W002,40008,2025-06-09 15:47:41.036000-04:00,84,19,3502,-3584,41.0
22,W002,40050,2025-06-09 15:47:41.078000-04:00,84,45,3510,-1024,42.0
23,W002,40092,2025-06-09 15:47:41.120000-04:00,84,45,3502,-2816,42.0
24,W002,40133,2025-06-09 15:47:41.161000-04:00,84,45,3478,-8448,41.0
25,W002,40175,2025-06-09 15:47:41.203000-04:00,84,45,3438,-17408,42.0
26,W002,40216,2025-06-09 15:47:41.244000-04:00,84,45,3422,-19200,41.0
27,W002,40258,2025-06-09 15:47:41.286000-04:00,84,45,3414,-18688,42.0
28,W002,40299,2025-06-09 15:47:41.327000-04:00,84,45,3374,-26368,41.0
29,W002,40341,2025-06-09 15:47:41.369000-04:00,84,45,3358,-27136,42.0
30,W002,40385,2025-06-09 15:47:41.413000-04:00,84,45,3326,-31744,44.0
31,W002,40424,2025-06-09 15:47:41.452000-04:00,84,45,3278,-32768,39.0
32,W002,40474,2025-06-09 15:47:41.502000-04:00,84,45,3222,-32768,50.0
33,W002,40557,2025-06-09 15:47:41.585000-04:00,84,45,3070,-32768,83.0
34,W002,40674,2025-06-09 15:47:41.702000-04:00,84,45,3054,-32768,117.0
35,W002,40718,2025-06-09 15:47:41.746000-04:00,84,45,3118,-32768,44.0
36,W002,40757,2025-06-09 15:47:41.785000-04:00,84,45,3118,-32000,39.0
37,W002,40798,2025-06-09 15:47:41.826000-04:00,84,45,3070,-32768,41.0
38,W002,40840,2025-06-09 15:47:41.868000-04:00,84,45,3070,-32768,42.0
39,W002,40882,2025-06-09 15:47:41.910000-04:00,84,45,3054,-32768,42.0
40,W002,40924,2025-06-09 15:47:41.952000-04:00,84,45,3038,-32768,42.0
41,W002,40965,2025-06-09 15:47:41.993000-04:00,84,45,3034,-30976,41.0
42,W002,41006,2025-06-09 15:47:42.034000-04:00,84,45,3030,-27904,41.0
43,W002,41048,2025-06-09 15:47:42.076000-04:00,84,45,3030,-24320,42.0
44,W002,41090,2025-06-09 15:47:42.118000-04:00,84,22,3022,-23296,42.0
45,W002,41131,2025-06-09 15:47:42.159000-04:00,84,22,2998,-26368,41.0
46,W002,41173,2025-06-09 15:47:42.201000-04:00,84,22,2974,-29184,42.0
47,W002,41214,2025-06-09 15:47:42.242000-04:00,84,22,2942,-32768,41.0
48,W002,41256,2025-06-09 15:47:42.284000-04:00,84,22,2934,-31232,42.0
49,W002,41297,2025-06-09 15:47:42.325000-04:00,84,22,2926,-29184,41.0
50,W002,41339,2025-06-09 15:47:42.367000-04:00,84,22,2910,-29440,42.0
51,W002,41381,2025-06-09 15:47:42.409000-04:00,84,22,2894,-29696,42.0
52,W002,41425,2025-06-09 15:47:42.453000-04:00,84,22,2894,-25856,44.0
53,W002,41464,2025-06-09 15:47:42.492000-04:00,84,22,2862,-30720,39.0
54,W002,41513,2025-06-09 15:47:42.541000-04:00,84,22,2862,-26880,49.0
55,W002,41596,2025-06-09 15:47:42.624000-04:00,84,22,2838,-25856,83.0
56,W002,41713,2025-06-09 15:47:42.741000-04:00,84,22,2966,12544,117.0
57,W002,41758,2025-06-09 15:47:42.786000-04:00,84,22,2966,11008,45.0
58,W002,41796,2025-06-09 15:47:42.824000-04:00,84,22,2942,3584,38.0
59,W002,41838,2025-06-09 15:47:42.866000-04:00,84,22,2934,1280,42.0
60,W002,41879,2025-06-09 15:47:42.907000-04:00,84,22,2910,-4864,41.0
61,W002,41921,2025-06-09 15:47:42.949000-04:00,84,22,2894,-8192,42.0
62,W002,41963,2025-06-09 15:47:42.991000-04:00,84,22,2910,-3072,42.0
63,W002,42004,2025-06-09 15:47:43.032000-04:00,84,22,2910,-2560,41.0
64,W002,42046,2025-06-09 15:47:43.074000-04:00,84,16,2910,-2048,42.0
65,W002,42087,2025-06-09 15:47:43.115000-04:00,84,16,2894,-5888,41.0
66,W002,42129,2025-06-09 15:47:43.157000-04:00,84,16,2870,-11264,42.0
67,W002,42170,2025-06-09 15:47:43.198000-04:00,84,16,2858,-12800,41.0
68,W002,42212,2025-06-09 15:47:43.240000-04:00,84,16,2814,-22272,42.0
69,W002,42254,2025-06-09 15:47:43.282000-04:00,84,16,2814,-19456,42.0
70,W002,42296,2025-06-09 15:47:43.324000-04:00,84,16,2814,-16896,42.0
71,W002,42337,2025-06-09 15:47:43.365000-04:00,84,16,2798,-18688,41.0
72,W002,42378,2025-06-09 15:47:43.406000-04:00,84,16,2782,-20224,41.0
73,W002,42420,2025-06-09 15:47:43.448000-04:00,84,16,2750,-25856,42.0
74,W002,42464,2025-06-09 15:47:43.492000-04:00,84,16,2734,-26624,44.0
75,W002,42503,2025-06-09 15:47:43.531000-04:00,84,16,2718,-27392,39.0
76,W002,42546,2025-06-09 15:47:43.574000-04:00,84,16,2686,-32000,43.0
77,W002,42587,2025-06-09 15:47:43.615000-04:00,84,16,2686,-27904,41.0
78,W002,42636,2025-06-09 15:47:43.664000-04:00,84,16,2766,-3840,49.0
79,W002,42752,2025-06-09 15:47:43.780000-04:00,84,16,2778,-768,116.0
80,W002,42798,2025-06-09 15:47:43.826000-04:00,84,16,2742,-9728,46.0
81,W002,42836,2025-06-09 15:47:43.864000-04:00,84,16,2714,-15616,38.0
82,W002,42877,2025-06-09 15:47:43.905000-04:00,84,16,2686,-20736,41.0
83,W002,42919,2025-06-09 15:47:43.947000-04:00,84,16,2670,-22016,42.0
84,W002,42960,2025-06-09 15:47:43.988000-04:00,84,16,2678,-17152,41.0
85,W002,43002,2025-06-09 15:47:44.030000-04:00,86,42,2670,-16896,42.0
86,W002,43043,2025-06-09 15:47:44.071000-04:00,86,42,2646,-20736,41.0
87,W002,43085,2025-06-09 15:47:44.113000-04:00,86,42,2614,-26112,42.0
88,W002,43127,2025-06-09 15:47:44.155000-04:00,86,42,2590,-28928,42.0
89,W002,43168,2025-06-09 15:47:44.196000-04:00,86,42,2558,-32768,41.0
90,W002,43210,2025-06-09 15:47:44.238000-04:00,86,42,2558,-28928,42.0
91,W002,43251,2025-06-09 15:47:44.279000-04:00,86,42,2542,-29184,41.0
92,W002,43293,2025-06-09 15:47:44.321000-04:00,86,42,2518,-31488,42.0
93,W002,43334,2025-06-09 15:47:44.362000-04:00,86,42,2486,-32768,41.0
94,W002,43376,2025-06-09 15:47:44.404000-04:00,86,42,2462,-32768,42.0
95,W002,43418,2025-06-09 15:47:44.446000-04:00,86,42,2430,-32768,42.0
96,W002,43459,2025-06-09 15:47:44.487000-04:00,86,42,2398,-32768,41.0
97,W002,43501,2025-06-09 15:47:44.529000-04:00,86,42,2378,-32768,42.0
98,W002,43542,2025-06-09 15:47:44.570000-04:00,86,42,2414,-28416,41.0
99,W002,43586,2025-06-09 15:47:44.614000-04:00,86,42,2490,-5376,44.0
100,W002,43625,2025-06-09 15:47:44.653000-04:00,86,42,2494,-3584,39.0
101,W002,43675,2025-06-09 15:47:44.703000-04:00,86,42,2478,-7168,50.0
102,W002,43791,2025-06-09 15:47:44.819000-04:00,86,42,2398,-25088,116.0
103,W002,43837,2025-06-09 15:47:44.865000-04:00,86,42,2394,-22784,46.0
104,W002,43875,2025-06-09 15:47:44.903000-04:00,86,42,2398,-18688,38.0
105,W002,43917,2025-06-09 15:47:44.945000-04:00,86,42,2398,-16128,42.0
106,W002,43958,2025-06-09 15:47:44.986000-04:00,86,52,2382,-18176,41.0
107,W002,43999,2025-06-09 15:47:45.027000-04:00,86,52,2366,-19968,41.0
108,W002,44041,2025-06-09 15:47:45.069000-04:00,86,52,2350,-21504,42.0
109,W002,44082,2025-06-09 15:47:45.110000-04:00,86,52,2334,-22784,41.0
110,W002,44124,2025-06-09 15:47:45.152000-04:00,86,52,2302,-27904,42.0
111,W002,44165,2025-06-09 15:47:45.193000-04:00,86,52,2302,-24320,41.0
112,W002,44207,2025-06-09 15:47:45.235000-04:00,86,52,2286,-25344,42.0
113,W002,44249,2025-06-09 15:47:45.277000-04:00,86,52,2278,-24064,42.0
114,W002,44290,2025-06-09 15:47:45.318000-04:00,86,52,2266,-24064,41.0
115,W002,44332,2025-06-09 15:47:45.360000-04:00,86,52,2238,-28160,42.0
116,W002,44373,2025-06-09 15:47:45.401000-04:00,86,52,2238,-24576,41.0
117,W002,44415,2025-06-09 15:47:45.443000-04:00,86,52,2282,-10240,42.0
118,W002,44456,2025-06-09 15:47:45.484000-04:00,86,52,2346,7424,41.0
119,W002,44498,2025-06-09 15:47:45.526000-04:00,86,52,2366,11776,42.0
120,W002,44539,2025-06-09 15:47:45.567000-04:00,86,52,2350,6400,41.0
121,W002,44581,2025-06-09 15:47:45.609000-04:00,86,52,2326,-512,42.0
122,W002,44625,2025-06-09 15:47:45.653000-04:00,86,52,2302,-6400,44.0
123,W002,44664,2025-06-09 15:47:45.692000-04:00,86,52,2286,-9472,39.0
124,W002,44714,2025-06-09 15:47:45.742000-04:00,86,52,2282,-9216,50.0
125,W002,44797,2025-06-09 15:47:45.825000-04:00,86,52,2294,-3840,83.0
126,W002,44877,2025-06-09 15:47:45.905000-04:00,86,48,2238,-16384,80.0
127,W002,44914,2025-06-09 15:47:45.942000-04:00,86,48,2222,-18432,37.0
128,W002,44958,2025-06-09 15:47:45.986000-04:00,86,48,2198,-22272,44.0
129,W002,44997,2025-06-09 15:47:46.025000-04:00,86,48,2198,-19456,39.0
130,W002,45038,2025-06-09 15:47:46.066000-04:00,86,48,2174,-23040,41.0
131,W002,45080,2025-06-09 15:47:46.108000-04:00,86,48,2174,-19968,42.0
132,W002,45121,2025-06-09 15:47:46.149000-04:00,86,48,2158,-21504,41.0
133,W002,45163,2025-06-09 15:47:46.191000-04:00,86,48,2154,-19712,42.0
134,W002,45204,2025-06-09 15:47:46.232000-04:00,86,48,2126,-24320,41.0
135,W002,45246,2025-06-09 15:47:46.274000-04:00,86,48,2126,-21248,42.0
136,W002,45288,2025-06-09 15:47:46.316000-04:00,86,48,2174,-6144,42.0
137,W002,45329,2025-06-09 15:47:46.357000-04:00,86,48,2254,15104,41.0
138,W002,45371,2025-06-09 15:47:46.399000-04:00,86,48,2302,25600,42.0
139,W002,45412,2025-06-09 15:47:46.440000-04:00,86,48,2282,17408,41.0
140,W002,45454,2025-06-09 15:47:46.482000-04:00,86,48,2270,12288,42.0
141,W002,45495,2025-06-09 15:47:46.523000-04:00,86,48,2254,6656,41.0
142,W002,45537,2025-06-09 15:47:46.565000-04:00,86,48,2230,-256,42.0
143,W002,45578,2025-06-09 15:47:46.606000-04:00,86,48,2230,0,41.0
144,W002,45620,2025-06-09 15:47:46.648000-04:00,86,48,2238,2048,42.0
145,W002,45662,2025-06-09 15:47:46.690000-04:00,86,48,2254,5888,42.0
146,W002,45703,2025-06-09 15:47:46.731000-04:00,86,48,2222,-2816,41.0
147,W002,45753,2025-06-09 15:47:46.781000-04:00,86,48,2206,-6400,50.0
148,W002,45836,2025-06-09 15:47:46.864000-04:00,86,48,2142,-19968,83.0
149,W002,45952,2025-06-09 15:47:46.980000-04:00,86,36,2094,-27136,116.0
150,W002,45997,2025-06-09 15:47:47.025000-04:00,86,36,2078,-27648,45.0
151,W002,46035,2025-06-09 15:47:47.063000-04:00,86,36,2078,-24064,38.0
152,W002,46077,2025-06-09 15:47:47.105000-04:00,86,36,2044,-29696,42.0
153,W002,46119,2025-06-09 15:47:47.147000-04:00,86,36,2030,-29440,42.0
154,W002,46160,2025-06-09 15:47:47.188000-04:00,86,36,2042,-22528,41.0
155,W002,46202,2025-06-09 15:47:47.230000-04:00,86,36,2126,1792,42.0
156,W002,46243,2025-06-09 15:47:47.271000-04:00,86,36,2198,20224,41.0
157,W002,46285,2025-06-09 15:47:47.313000-04:00,86,36,2222,24064,42.0
158,W002,46326,2025-06-09 15:47:47.354000-04:00,86,36,2238,25344,41.0
159,W002,46368,2025-06-09 15:47:47.396000-04:00,86,36,2222,18176,42.0
160,W002,46409,2025-06-09 15:47:47.437000-04:00,86,36,2206,12032,41.0
161,W002,46451,2025-06-09 15:47:47.479000-04:00,86,36,2190,6656,42.0
162,W002,46493,2025-06-09 15:47:47.521000-04:00,86,36,2206,9984,42.0
163,W002,46534,2025-06-09 15:47:47.562000-04:00,86,36,2214,11008,41.0
164,W002,46576,2025-06-09 15:47:47.604000-04:00,86,36,2214,9728,42.0
165,W002,46617,2025-06-09 15:47:47.645000-04:00,86,36,2206,6656,41.0
166,W002,46659,2025-06-09 15:47:47.687000-04:00,86,36,2186,768,42.0
167,W002,46700,2025-06-09 15:47:47.728000-04:00,86,36,2170,-3328,41.0
168,W002,46742,2025-06-09 15:47:47.770000-04:00,86,36,2142,-9984,42.0
169,W002,46786,2025-06-09 15:47:47.814000-04:00,86,36,2134,-10752,44.0
170,W002,46825,2025-06-09 15:47:47.853000-04:00,86,30,2126,-11264,39.0
171,W002,46874,2025-06-09 15:47:47.902000-04:00,86,30,2110,-13824,49.0
172,W002,46991,2025-06-09 15:47:48.019000-04:00,86,30,2086,-16640,117.0
173,W002,47037,2025-06-09 15:47:48.065000-04:00,86,30,2070,-18432,46.0
174,W002,47074,2025-06-09 15:47:48.102000-04:00,86,30,2046,-22272,37.0
175,W002,47117,2025-06-09 15:47:48.145000-04:00,86,30,2046,-19456,43.0
176,W002,47157,2025-06-09 15:47:48.185000-04:00,86,30,2174,15872,40.0
177,W002,47199,2025-06-09 15:47:48.227000-04:00,86,30,2286,32767,42.0
178,W002,47240,2025-06-09 15:47:48.268000-04:00,86,30,2346,32767,41.0
179,W002,47282,2025-06-09 15:47:48.310000-04:00,86,30,2366,32767,42.0
180,W002,47323,2025-06-09 15:47:48.351000-04:00,86,30,2382,32767,41.0
181,W002,47365,2025-06-09 15:47:48.393000-04:00,86,30,2346,32767,42.0
182,W002,47407,2025-06-09 15:47:48.435000-04:00,86,30,2302,18688,42.0
183,W002,47448,2025-06-09 15:47:48.476000-04:00,86,30,2230,-2048,41.0
184,W002,47490,2025-06-09 15:47:48.518000-04:00,86,30,2222,-3840,42.0
185,W002,47531,2025-06-09 15:47:48.559000-04:00,86,30,2202,-8448,41.0
186,W002,47573,2025-06-09 15:47:48.601000-04:00,86,30,2174,-14336,42.0
187,W002,47615,2025-06-09 15:47:48.643000-04:00,86,30,2158,-16640,42.0
188,W002,47656,2025-06-09 15:47:48.684000-04:00,86,30,2126,-22528,41.0
189,W002,47697,2025-06-09 15:47:48.725000-04:00,86,30,2094,-27904,41.0
190,W002,47739,2025-06-09 15:47:48.767000-04:00,86,30,2046,-32768,42.0
191,W002,47781,2025-06-09 15:47:48.809000-04:00,86,14,2014,-32768,42.0
192,W002,47824,2025-06-09 15:47:48.852000-04:00,86,14,1998,-32768,43.0
193,W002,47864,2025-06-09 15:47:48.892000-04:00,86,14,1974,-32768,40.0
194,W002,47913,2025-06-09 15:47:48.941000-04:00,86,14,1966,-32768,49.0
195,W002,47996,2025-06-09 15:47:49.024000-04:00,86,14,1918,-32768,83.0
196,W002,48077,2025-06-09 15:47:49.105000-04:00,86,14,1886,-32768,81.0
197,W002,48113,2025-06-09 15:47:49.141000-04:00,86,14,1886,-32768,36.0
198,W002,48157,2025-06-09 15:47:49.185000-04:00,86,14,2010,2816,44.0
199,W002,48196,2025-06-09 15:47:49.224000-04:00,86,14,2134,32767,39.0
200,W002,48237,2025-06-09 15:47:49.265000-04:00,86,14,2206,32767,41.0
201,W002,48279,2025-06-09 15:47:49.307000-04:00,86,14,2222,32767,42.0
202,W002,48321,2025-06-09 15:47:49.349000-04:00,86,14,2230,32767,42.0
203,W002,48362,2025-06-09 15:47:49.390000-04:00,86,14,2222,32767,41.0
204,W002,48404,2025-06-09 15:47:49.432000-04:00,86,14,2198,25344,42.0
205,W002,48445,2025-06-09 15:47:49.473000-04:00,86,14,2206,24320,41.0
206,W002,48487,2025-06-09 15:47:49.515000-04:00,86,14,2202,20480,42.0
207,W002,48528,2025-06-09 15:47:49.556000-04:00,86,14,2202,17920,41.0
208,W002,48570,2025-06-09 15:47:49.598000-04:00,86,14,2174,8704,42.0
209,W002,48611,2025-06-09 15:47:49.639000-04:00,86,14,2142,-512,41.0
210,W002,48653,2025-06-09 15:47:49.681000-04:00,86,14,2122,-5376,42.0
211,W002,48694,2025-06-09 15:47:49.722000-04:00,86,14,2094,-11776,41.0
212,W002,48736,2025-06-09 15:47:49.764000-04:00,86,14,2062,-18432,42.0
213,W002,48778,2025-06-09 15:47:49.806000-04:00,86,68,2030,-24320,42.0
214,W002,48819,2025-06-09 15:47:49.847000-04:00,86,68,1998,-29440,41.0
215,W002,48863,2025-06-09 15:47:49.891000-04:00,86,68,1966,-32768,44.0
216,W002,48902,2025-06-09 15:47:49.930000-04:00,86,68,1942,-32768,39.0
217,W002,48952,2025-06-09 15:47:49.980000-04:00,86,68,1918,-32768,50.0
218,W002,49035,2025-06-09 15:47:50.063000-04:00,86,68,1866,-32768,83.0
219,W002,49152,2025-06-09 15:47:50.180000-04:00,86,68,1942,-10752,117.0
220,W002,49197,2025-06-09 15:47:50.225000-04:00,86,68,2094,29696,45.0
221,W002,49235,2025-06-09 15:47:50.263000-04:00,86,68,2190,32767,38.0
222,W002,49277,2025-06-09 15:47:50.305000-04:00,86,68,2218,32767,42.0
223,W002,49318,2025-06-09 15:47:50.346000-04:00,86,68,2238,32767,41.0
224,W002,49359,2025-06-09 15:47:50.387000-04:00,86,68,2218,32767,41.0
225,W002,49401,2025-06-09 15:47:50.429000-04:00,86,68,2202,30208,42.0
226,W002,49442,2025-06-09 15:47:50.470000-04:00,86,68,2220,31232,41.0
227,W002,49484,2025-06-09 15:47:50.512000-04:00,86,68,2254,32767,42.0
228,W002,49525,2025-06-09 15:47:50.553000-04:00,86,68,2262,32767,41.0
229,W002,49567,2025-06-09 15:47:50.595000-04:00,86,68,2254,27648,42.0
230,W002,49608,2025-06-09 15:47:50.636000-04:00,86,68,2234,19200,41.0
231,W002,49650,2025-06-09 15:47:50.678000-04:00,86,68,2198,7680,42.0
232,W002,49691,2025-06-09 15:47:50.719000-04:00,86,68,2166,-1280,41.0
233,W002,49733,2025-06-09 15:47:50.761000-04:00,86,68,2154,-4096,42.0
234,W002,49775,2025-06-09 15:47:50.803000-04:00,86,4,2142,-6656,42.0
235,W002,49816,2025-06-09 15:47:50.844000-04:00,86,4,2122,-10752,41.0
236,W002,49857,2025-06-09 15:47:50.885000-04:00,86,4,2110,-12288,41.0
237,W002,49899,2025-06-09 15:47:50.927000-04:00,86,4,2106,-11776,42.0
238,W002,49941,2025-06-09 15:47:50.969000-04:00,86,4,2094,-13312,42.0
239,W002,49985,2025-06-09 15:47:51.013000-04:00,86,4,2078,-15616,44.0
240,W002,50024,2025-06-09 15:47:51.052000-04:00,86,4,2046,-21760,39.0
241,W002,50074,2025-06-09 15:47:51.102000-04:00,86,4,2046,-18944,50.0
242,W002,50156,2025-06-09 15:47:51.184000-04:00,86,4,2230,31744,82.0
243,W002,50231,2025-06-09 15:47:51.259000-04:00,86,4,2518,32767,75.0
244,W002,50273,2025-06-09 15:47:51.301000-04:00,86,4,2558,32767,42.0
245,W002,50316,2025-06-09 15:47:51.344000-04:00,86,4,2590,32767,43.0
246,W002,50356,2025-06-09 15:47:51.384000-04:00,86,4,2588,32767,40.0
247,W002,50397,2025-06-09 15:47:51.425000-04:00,86,4,2590,32767,41.0
248,W002,50439,2025-06-09 15:47:51.467000-04:00,86,4,2646,32767,42.0
249,W002,50481,2025-06-09 15:47:51.509000-04:00,86,4,2686,32767,42.0
250,W002,50522,2025-06-09 15:47:51.550000-04:00,86,4,2710,32767,41.0
251,W002,50564,2025-06-09 15:47:51.592000-04:00,86,4,2718,32767,42.0
252,W002,50605,2025-06-09 15:47:51.633000-04:00,86,4,2714,32767,41.0
253,W002,50647,2025-06-09 15:47:51.675000-04:00,86,4,2710,32767,42.0
254,W002,50688,2025-06-09 15:47:51.716000-04:00,86,4,2702,32767,41.0
255,W002,50730,2025-06-09 15:47:51.758000-04:00,86,4,2686,30976,42.0
256,W002,50772,2025-06-09 15:47:51.800000-04:00,86,19,2678,25088,42.0
257,W002,50813,2025-06-09 15:47:51.841000-04:00,86,19,2654,15872,41.0
258,W002,50854,2025-06-09 15:47:51.882000-04:00,86,19,2638,9984,41.0
259,W002,50896,2025-06-09 15:47:51.924000-04:00,86,19,2618,3840,42.0
260,W002,50937,2025-06-09 15:47:51.965000-04:00,86,19,2602,-512,41.0
261,W002,50979,2025-06-09 15:47:52.007000-04:00,86,19,2574,-7424,42.0
262,W002,51023,2025-06-09 15:47:52.051000-04:00,86,19,2558,-10496,44.0
263,W002,51062,2025-06-09 15:47:52.090000-04:00,86,19,2638,11520,39.0
264,W002,51111,2025-06-09 15:47:52.139000-04:00,86,19,2858,32767,49.0
265,W002,51195,2025-06-09 15:47:52.223000-04:00,86,19,3158,32767,84.0
266,W002,51311,2025-06-09 15:47:52.339000-04:00,86,19,3262,32767,116.0
267,W002,51356,2025-06-09 15:47:52.384000-04:00,86,19,3286,32767,45.0
268,W002,51394,2025-06-09 15:47:52.422000-04:00,86,19,3350,32767,38.0
269,W002,51436,2025-06-09 15:47:52.464000-04:00,86,19,3406,32767,42.0
270,W002,51477,2025-06-09 15:47:52.505000-04:00,86,19,3422,32767,41.0
271,W002,51519,2025-06-09 15:47:52.547000-04:00,86,19,3438,32767,42.0
272,W002,51560,2025-06-09 15:47:52.588000-04:00,86,19,3422,32767,41.0
273,W002,51602,2025-06-09 15:47:52.630000-04:00,86,19,3406,32767,42.0
274,W002,51643,2025-06-09 15:47:52.671000-04:00,86,19,3390,32767,41.0
275,W002,51685,2025-06-09 15:47:52.713000-04:00,86,19,3374,32767,42.0
276,W002,51727,2025-06-09 15:47:52.755000-04:00,86,19,3382,32767,42.0
277,W002,51768,2025-06-09 15:47:52.796000-04:00,86,19,3370,30976,41.0
278,W002,51810,2025-06-09 15:47:52.838000-04:00,86,18,3350,22016,42.0
279,W002,51851,2025-06-09 15:47:52.879000-04:00,86,18,3326,13312,41.0
280,W002,51893,2025-06-09 15:47:52.921000-04:00,86,18,3310,7680,42.0
281,W002,51934,2025-06-09 15:47:52.962000-04:00,86,18,3278,-1280,41.0
282,W002,51976,2025-06-09 15:47:53.004000-04:00,86,18,3246,-9216,42.0
283,W002,52017,2025-06-09 15:47:53.045000-04:00,86,18,3222,-14080,41.0
284,W002,52059,2025-06-09 15:47:53.087000-04:00,86,18,3310,10240,42.0
285,W002,52100,2025-06-09 15:47:53.128000-04:00,86,18,3566,32767,41.0
286,W002,52145,2025-06-09 15:47:53.173000-04:00,86,18,3790,32767,45.0
287,W002,52183,2025-06-09 15:47:53.211000-04:00,86,18,3926,32767,38.0
288,W002,52233,2025-06-09 15:47:53.261000-04:00,86,18,3998,32767,50.0
289,W002,52316,2025-06-09 15:47:53.344000-04:00,86,18,4078,32767,83.0
290,W002,52396,2025-06-09 15:47:53.424000-04:00,86,18,4094,32767,80.0
291,W002,52433,2025-06-09 15:47:53.461000-04:00,86,18,4150,32767,37.0
292,W002,52476,2025-06-09 15:47:53.504000-04:00,86,18,4150,32767,43.0
293,W002,52516,2025-06-09 15:47:53.544000-04:00,86,18,4142,32767,40.0
294,W002,52558,2025-06-09 15:47:53.586000-04:00,86,18,4094,32767,42.0
295,W002,52599,2025-06-09 15:47:53.627000-04:00,86,18,4054,32767,41.0
296,W002,52640,2025-06-09 15:47:53.668000-04:00,86,18,4022,26112,41.0
297,W002,52682,2025-06-09 15:47:53.710000-04:00,86,18,3982,12800,42.0
298,W002,52724,2025-06-09 15:47:53.752000-04:00,86,16,3958,5120,42.0
299,W002,52765,2025-06-09 15:47:53.793000-04:00,86,16,3926,-3584,41.0
300,W002,52806,2025-06-09 15:47:53.834000-04:00,86,16,3886,-13312,41.0
301,W002,52848,2025-06-09 15:47:53.876000-04:00,86,16,3838,-23808,42.0
302,W002,52889,2025-06-09 15:47:53.917000-04:00,86,16,3806,-28928,41.0
303,W002,52931,2025-06-09 15:47:53.959000-04:00,86,16,3766,-32768,42.0
304,W002,52972,2025-06-09 15:47:54-04:00,86,16,3710,-32768,41.0
305,W002,53014,2025-06-09 15:47:54.042000-04:00,86,16,3694,-32768,42.0
306,W002,53056,2025-06-09 15:47:54.084000-04:00,86,16,3662,-32768,42.0
307,W002,53097,2025-06-09 15:47:54.125000-04:00,86,16,3646,-32768,41.0
308,W002,53139,2025-06-09 15:47:54.167000-04:00,86,16,3822,6400,42.0
309,W002,53183,2025-06-09 15:47:54.211000-04:00,86,16,4086,32767,44.0
310,W002,53222,2025-06-09 15:47:54.250000-04:00,86,16,4254,32767,39.0
311,W002,53264,2025-06-09 15:47:54.292000-04:00,86,16,4350,32767,42.0
312,W002,53305,2025-06-09 15:47:54.333000-04:00,86,16,4438,32767,41.0
313,W002,53354,2025-06-09 15:47:54.382000-04:00,86,16,4470,32767,49.0
314,W002,53471,2025-06-09 15:47:54.499000-04:00,86,16,4598,32767,117.0
315,W002,53516,2025-06-09 15:47:54.544000-04:00,86,16,4654,32767,45.0
316,W002,53554,2025-06-09 15:47:54.582000-04:00,86,16,4654,32767,38.0
317,W002,53596,2025-06-09 15:47:54.624000-04:00,86,16,4606,32767,42.0
318,W002,53637,2025-06-09 15:47:54.665000-04:00,86,16,4598,32767,41.0
319,W002,53679,2025-06-09 15:47:54.707000-04:00,86,16,4566,32767,42.0
320,W002,53720,2025-06-09 15:47:54.748000-04:00,86,16,4534,32767,41.0
321,W002,53762,2025-06-09 15:47:54.790000-04:00,86,4,4510,27392,42.0
322,W002,53803,2025-06-09 15:47:54.831000-04:00,86,4,4478,15872,41.0
323,W002,53845,2025-06-09 15:47:54.873000-04:00,86,4,4458,8960,42.0
324,W002,53886,2025-06-09 15:47:54.914000-04:00,86,4,4414,-3328,41.0
325,W002,53928,2025-06-09 15:47:54.956000-04:00,86,4,4350,-19200,42.0
326,W002,53969,2025-06-09 15:47:54.997000-04:00,86,4,4318,-24832,41.0
327,W002,54011,2025-06-09 15:47:55.039000-04:00,86,4,4278,-31744,42.0
328,W002,54052,2025-06-09 15:47:55.080000-04:00,86,4,4246,-32768,41.0
329,W002,54094,2025-06-09 15:47:55.122000-04:00,86,4,4190,-32768,42.0
330,W002,54136,2025-06-09 15:47:55.164000-04:00,86,4,4142,-32768,42.0
331,W002,54177,2025-06-09 15:47:55.205000-04:00,86,4,4094,-32768,41.0
332,W002,54219,2025-06-09 15:47:55.247000-04:00,86,4,4246,-11264,42.0
333,W002,54260,2025-06-09 15:47:55.288000-04:00,86,4,4478,32767,41.0
334,W002,54304,2025-06-09 15:47:55.332000-04:00,86,4,4662,32767,44.0
335,W002,54343,2025-06-09 15:47:55.371000-04:00,86,4,4734,32767,39.0
336,W002,54393,2025-06-09 15:47:55.421000-04:00,86,4,4790,32767,50.0
337,W002,54475,2025-06-09 15:47:55.503000-04:00,86,4,4814,32767,82.0
338,W002,54556,2025-06-09 15:47:55.584000-04:00,86,4,4862,32767,81.0
339,W002,54592,2025-06-09 15:47:55.620000-04:00,86,4,4910,32767,36.0
340,W002,54636,2025-06-09 15:47:55.664000-04:00,86,4,4910,32767,44.0
341,W002,54675,2025-06-09 15:47:55.703000-04:00,86,4,4862,32767,39.0
342,W002,54717,2025-06-09 15:47:55.745000-04:00,86,4,4846,32767,42.0
343,W002,54758,2025-06-09 15:47:55.786000-04:00,86,4,4798,20480,41.0
344,W002,54800,2025-06-09 15:47:55.828000-04:00,86,4,4766,9728,42.0
345,W002,54841,2025-06-09 15:47:55.869000-04:00,86,4,4734,512,41.0
346,W002,54883,2025-06-09 15:47:55.911000-04:00,86,4,4718,-3584,42.0
347,W002,54924,2025-06-09 15:47:55.952000-04:00,86,4,4670,-15360,41.0
348,W002,54966,2025-06-09 15:47:55.994000-04:00,86,4,4638,-21504,42.0
349,W002,55008,2025-06-09 15:47:56.036000-04:00,86,4,4590,-30976,42.0
350,W002,55049,2025-06-09 15:47:56.077000-04:00,86,4,4542,-32768,41.0
351,W002,55091,2025-06-09 15:47:56.119000-04:00,86,4,4502,-32768,42.0
352,W002,55132,2025-06-09 15:47:56.160000-04:00,86,4,4446,-32768,41.0
353,W002,55174,2025-06-09 15:47:56.202000-04:00,86,4,4406,-32768,42.0
354,W002,55215,2025-06-09 15:47:56.243000-04:00,86,4,4350,-32768,41.0
355,W002,55257,2025-06-09 15:47:56.285000-04:00,86,4,4382,-32768,42.0
356,W002,55298,2025-06-09 15:47:56.326000-04:00,86,4,4590,12032,41.0
357,W002,55342,2025-06-09 15:47:56.370000-04:00,86,4,4798,32767,44.0
358,W002,55381,2025-06-09 15:47:56.409000-04:00,86,4,4926,32767,39.0
359,W002,55431,2025-06-09 15:47:56.459000-04:00,86,4,4990,32767,50.0
360,W002,55514,2025-06-09 15:47:56.542000-04:00,86,4,5034,32767,83.0
361,W002,55630,2025-06-09 15:47:56.658000-04:00,86,4,5118,32767,116.0
362,W002,55676,2025-06-09 15:47:56.704000-04:00,86,4,5150,32767,46.0
363,W002,55714,2025-06-09 15:47:56.742000-04:00,86,21,5118,32767,38.0
364,W002,55756,2025-06-09 15:47:56.784000-04:00,86,21,5118,32767,42.0
365,W002,55797,2025-06-09 15:47:56.825000-04:00,86,21,5054,32256,41.0
366,W002,55838,2025-06-09 15:47:56.866000-04:00,86,21,5022,20224,41.0
367,W002,55880,2025-06-09 15:47:56.908000-04:00,86,21,4990,9728,42.0
368,W002,55921,2025-06-09 15:47:56.949000-04:00,86,21,4958,512,41.0
369,W002,55963,2025-06-09 15:47:56.991000-04:00,86,21,4910,-11776,42.0
370,W002,56004,2025-06-09 15:47:57.032000-04:00,86,21,4862,-22528,41.0
371,W002,56046,2025-06-09 15:47:57.074000-04:00,86,21,4814,-32000,42.0
372,W002,56087,2025-06-09 15:47:57.115000-04:00,86,21,4766,-32768,41.0
373,W002,56129,2025-06-09 15:47:57.157000-04:00,86,21,4670,-32768,42.0
374,W002,56170,2025-06-09 15:47:57.198000-04:00,86,21,4542,-32768,41.0
375,W002,56212,2025-06-09 15:47:57.240000-04:00,86,21,4502,-32768,42.0
376,W002,56253,2025-06-09 15:47:57.281000-04:00,86,21,4598,-32768,41.0
377,W002,56295,2025-06-09 15:47:57.323000-04:00,86,21,4782,4352,42.0
378,W002,56336,2025-06-09 15:47:57.364000-04:00,86,21,4886,30464,41.0
379,W002,56378,2025-06-09 15:47:57.406000-04:00,86,21,4926,32767,42.0
380,W002,56419,2025-06-09 15:47:57.447000-04:00,86,21,4926,32512,41.0
381,W002,56463,2025-06-09 15:47:57.491000-04:00,86,21,4910,24576,44.0
382,W002,56502,2025-06-09 15:47:57.530000-04:00,86,21,4846,5120,39.0
383,W002,56552,2025-06-09 15:47:57.580000-04:00,86,21,4846,4608,50.0
384,W002,56635,2025-06-09 15:47:57.663000-04:00,86,28,4862,7168,83.0
385,W002,56716,2025-06-09 15:47:57.744000-04:00,86,28,4782,-13824,81.0
386,W002,56752,2025-06-09 15:47:57.780000-04:00,86,28,4734,-24320,36.0
387,W002,56796,2025-06-09 15:47:57.824000-04:00,86,28,4686,-32768,44.0
388,W002,56835,2025-06-09 15:47:57.863000-04:00,86,28,4638,-32768,39.0
389,W002,56876,2025-06-09 15:47:57.904000-04:00,86,28,4606,-32768,41.0
390,W002,56918,2025-06-09 15:47:57.946000-04:00,86,28,4570,-32768,42.0
391,W002,56959,2025-06-09 15:47:57.987000-04:00,86,28,4526,-32768,41.0
392,W002,57001,2025-06-09 15:47:58.029000-04:00,86,28,4478,-32768,42.0
393,W002,57042,2025-06-09 15:47:58.070000-04:00,86,28,4446,-32768,41.0
394,W002,57084,2025-06-09 15:47:58.112000-04:00,86,28,4382,-32768,42.0
395,W002,57126,2025-06-09 15:47:58.154000-04:00,86,28,4334,-32768,42.0
396,W002,57167,2025-06-09 15:47:58.195000-04:00,86,28,4270,-32768,41.0
397,W002,57208,2025-06-09 15:47:58.236000-04:00,86,28,4286,-32768,41.0
398,W002,57250,2025-06-09 15:47:58.278000-04:00,86,28,4502,-1536,42.0
399,W002,57291,2025-06-09 15:47:58.319000-04:00,86,28,4702,32767,41.0
400,W002,57333,2025-06-09 15:47:58.361000-04:00,86,28,4814,32767,42.0
401,W002,57375,2025-06-09 15:47:58.403000-04:00,86,28,4862,32767,42.0
402,W002,57416,2025-06-09 15:47:58.444000-04:00,86,28,4910,32767,41.0
403,W002,57458,2025-06-09 15:47:58.486000-04:00,86,28,4894,32767,42.0
404,W002,57502,2025-06-09 15:47:58.530000-04:00,86,28,4862,32767,44.0
405,W002,57541,2025-06-09 15:47:58.569000-04:00,86,28,4894,32767,39.0
406,W002,57585,2025-06-09 15:47:58.613000-04:00,86,28,4942,32767,44.0
407,W002,57624,2025-06-09 15:47:58.652000-04:00,86,23,4942,32767,39.0
408,W002,57673,2025-06-09 15:47:58.701000-04:00,86,23,4918,32767,49.0
409,W002,57790,2025-06-09 15:47:58.818000-04:00,86,23,4758,-9984,117.0
410,W002,57835,2025-06-09 15:47:58.863000-04:00,86,23,4702,-23040,45.0
411,W002,57873,2025-06-09 15:47:58.901000-04:00,86,23,4650,-32768,38.0
412,W002,57914,2025-06-09 15:47:58.942000-04:00,86,23,4598,-32768,41.0
413,W002,57956,2025-06-09 15:47:58.984000-04:00,86,23,4542,-32768,42.0
414,W002,57997,2025-06-09 15:47:59.025000-04:00,86,23,4494,-32768,41.0
415,W002,58039,2025-06-09 15:47:59.067000-04:00,86,23,4446,-32768,42.0
416,W002,58080,2025-06-09 15:47:59.108000-04:00,86,23,4398,-32768,41.0
417,W002,58122,2025-06-09 15:47:59.150000-04:00,86,23,4318,-32768,42.0
418,W002,58164,2025-06-09 15:47:59.192000-04:00,86,23,4270,-32768,42.0
419,W002,58205,2025-06-09 15:47:59.233000-04:00,86,23,4342,-32768,41.0
420,W002,58247,2025-06-09 15:47:59.275000-04:00,86,23,4558,9728,42.0
421,W002,58288,2025-06-09 15:47:59.316000-04:00,86,23,4758,32767,41.0
422,W002,58330,2025-06-09 15:47:59.358000-04:00,86,23,4830,32767,42.0
423,W002,58372,2025-06-09 15:47:59.400000-04:00,86,23,4862,32767,42.0
424,W002,58413,2025-06-09 15:47:59.441000-04:00,86,23,4890,32767,41.0
425,W002,58454,2025-06-09 15:47:59.482000-04:00,86,23,4862,32767,41.0
426,W002,58496,2025-06-09 15:47:59.524000-04:00,86,23,4862,32767,42.0
427,W002,58537,2025-06-09 15:47:59.565000-04:00,86,23,4862,32767,41.0
428,W002,58579,2025-06-09 15:47:59.607000-04:00,86,21,4926,32767,42.0
429,W002,58623,2025-06-09 15:47:59.651000-04:00,86,21,4910,32767,44.0
430,W002,58662,2025-06-09 15:47:59.690000-04:00,86,21,4886,30464,39.0
431,W002,58711,2025-06-09 15:47:59.739000-04:00,86,21,4862,20736,49.0
432,W002,58794,2025-06-09 15:47:59.822000-04:00,86,21,4814,4864,83.0
433,W002,58911,2025-06-09 15:47:59.939000-04:00,86,21,4734,-16128,117.0
434,W002,58955,2025-06-09 15:47:59.983000-04:00,86,21,4694,-24320,44.0
435,W002,59068,2025-06-09 15:48:00.096000-04:00,86,21,4542,-32768,113.0
436,W002,59119,2025-06-09 15:48:00.147000-04:00,86,21,4430,-32768,51.0
437,W002,59160,2025-06-09 15:48:00.188000-04:00,86,21,4406,-32768,41.0
438,W002,59202,2025-06-09 15:48:00.230000-04:00,86,21,4574,-14848,42.0
439,W002,59243,2025-06-09 15:48:00.271000-04:00,86,21,4798,32767,41.0
440,W002,59285,2025-06-09 15:48:00.313000-04:00,86,21,4958,32767,42.0
441,W002,59326,2025-06-09 15:48:00.354000-04:00,86,21,5022,32767,41.0
442,W002,59368,2025-06-09 15:48:00.396000-04:00,86,21,5054,32767,42.0
443,W002,59409,2025-06-09 15:48:00.437000-04:00,86,21,5054,32767,41.0
444,W002,59451,2025-06-09 15:48:00.479000-04:00,86,21,5022,32767,42.0
445,W002,59492,2025-06-09 15:48:00.520000-04:00,86,21,5022,32767,41.0
446,W002,59534,2025-06-09 15:48:00.562000-04:00,80,91,5054,32767,42.0
447,W002,59575,2025-06-09 15:48:00.603000-04:00,80,91,5070,32767,41.0
448,W002,59617,2025-06-09 15:48:00.645000-04:00,80,91,5038,32767,42.0
449,W002,59658,2025-06-09 15:48:00.686000-04:00,80,91,4990,18176,41.0
450,W002,59700,2025-06-09 15:48:00.728000-04:00,80,91,4926,-256,42.0
451,W002,59744,2025-06-09 15:48:00.772000-04:00,80,91,4894,-8192,44.0
452,W002,59783,2025-06-09 15:48:00.811000-04:00,80,91,4846,-19456,39.0
453,W002,59832,2025-06-09 15:48:00.860000-04:00,80,91,4798,-29184,49.0
454,W002,59949,2025-06-09 15:48:00.977000-04:00,80,91,4670,-32768,117.0
455,W002,59995,2025-06-09 15:48:01.023000-04:00,80,91,4606,-32768,46.0
456,W002,60033,2025-06-09 15:48:01.061000-04:00,80,91,4558,-32768,38.0
457,W002,60075,2025-06-09 15:48:01.103000-04:00,80,91,4558,-32768,42.0
458,W002,60115,2025-06-09 15:48:01.143000-04:00,80,91,4750,-2560,40.0
459,W002,60157,2025-06-09 15:48:01.185000-04:00,80,91,5022,32767,42.0
460,W002,60198,2025-06-09 15:48:01.226000-04:00,80,91,5150,32767,41.0
461,W002,60240,2025-06-09 15:48:01.268000-04:00,80,91,5214,32767,42.0
462,W002,60281,2025-06-09 15:48:01.309000-04:00,80,91,5246,32767,41.0
463,W002,60323,2025-06-09 15:48:01.351000-04:00,80,91,5214,32767,42.0
464,W002,60364,2025-06-09 15:48:01.392000-04:00,80,91,5198,32767,41.0
465,W002,60406,2025-06-09 15:48:01.434000-04:00,80,91,5230,32767,42.0
466,W002,60447,2025-06-09 15:48:01.475000-04:00,80,91,5246,32767,41.0
467,W002,60489,2025-06-09 15:48:01.517000-04:00,75,90,5278,32767,42.0
468,W002,60530,2025-06-09 15:48:01.558000-04:00,75,90,5246,32767,41.0
469,W002,60572,2025-06-09 15:48:01.600000-04:00,75,90,5182,21760,42.0
470,W002,60614,2025-06-09 15:48:01.642000-04:00,75,90,5118,2816,42.0
471,W002,60655,2025-06-09 15:48:01.683000-04:00,75,90,5078,-7680,41.0
472,W002,60697,2025-06-09 15:48:01.725000-04:00,75,90,5022,-20992,42.0
473,W002,60738,2025-06-09 15:48:01.766000-04:00,75,90,4990,-26368,41.0
474,W002,60782,2025-06-09 15:48:01.810000-04:00,75,90,4942,-32768,44.0
475,W002,60821,2025-06-09 15:48:01.849000-04:00,75,90,4894,-32768,39.0
476,W002,60871,2025-06-09 15:48:01.899000-04:00,75,90,4846,-32768,50.0
477,W002,60954,2025-06-09 15:48:01.982000-04:00,75,90,4790,-32768,83.0
478,W002,61029,2025-06-09 15:48:02.057000-04:00,75,90,5230,32767,75.0
479,W002,61070,2025-06-09 15:48:02.098000-04:00,75,90,5422,32767,41.0
480,W002,61115,2025-06-09 15:48:02.143000-04:00,75,90,5518,32767,45.0
481,W002,61153,2025-06-09 15:48:02.181000-04:00,75,90,5566,32767,38.0
482,W002,61195,2025-06-09 15:48:02.223000-04:00,75,90,5598,32767,42.0
483,W002,61236,2025-06-09 15:48:02.264000-04:00,75,90,5598,32767,41.0
484,W002,61278,2025-06-09 15:48:02.306000-04:00,75,90,5630,32767,42.0
485,W002,61320,2025-06-09 15:48:02.348000-04:00,75,90,5718,32767,42.0
486,W002,61361,2025-06-09 15:48:02.389000-04:00,75,90,5758,32767,41.0
487,W002,61403,2025-06-09 15:48:02.431000-04:00,75,90,5758,32767,42.0
488,W002,61444,2025-06-09 15:48:02.472000-04:00,75,90,5758,32767,41.0
489,W002,61486,2025-06-09 15:48:02.514000-04:00,71,91,5726,32767,42.0
490,W002,61527,2025-06-09 15:48:02.555000-04:00,71,91,5678,32767,41.0
491,W002,61569,2025-06-09 15:48:02.597000-04:00,71,91,5630,23552,42.0
492,W002,61610,2025-06-09 15:48:02.638000-04:00,71,91,5630,20736,41.0
493,W002,61652,2025-06-09 15:48:02.680000-04:00,71,91,5630,18176,42.0
494,W002,61694,2025-06-09 15:48:02.722000-04:00,71,91,5598,7936,42.0
495,W002,61735,2025-06-09 15:48:02.763000-04:00,71,91,5566,-1024,41.0
496,W002,61776,2025-06-09 15:48:02.804000-04:00,71,91,5526,-11008,41.0
497,W002,61818,2025-06-09 15:48:02.846000-04:00,71,91,5438,-32000,42.0
498,W002,61859,2025-06-09 15:48:02.887000-04:00,71,91,5438,-27904,41.0
499,W002,61903,2025-06-09 15:48:02.931000-04:00,71,91,5630,24832,44.0
500,W002,61943,2025-06-09 15:48:02.971000-04:00,71,91,5982,32767,40.0
501,W002,61992,2025-06-09 15:48:03.020000-04:00,71,91,6206,32767,49.0
502,W002,62109,2025-06-09 15:48:03.137000-04:00,71,91,6478,32767,117.0
503,W002,62155,2025-06-09 15:48:03.183000-04:00,71,91,6486,32767,46.0
504,W002,62192,2025-06-09 15:48:03.220000-04:00,71,91,6526,32767,37.0
505,W002,62235,2025-06-09 15:48:03.263000-04:00,71,91,6606,32767,43.0
506,W002,62275,2025-06-09 15:48:03.303000-04:00,71,91,6654,32767,40.0
507,W002,62316,2025-06-09 15:48:03.344000-04:00,71,91,6654,32767,41.0
508,W002,62358,2025-06-09 15:48:03.386000-04:00,71,91,6654,32767,42.0
509,W002,62399,2025-06-09 15:48:03.427000-04:00,71,91,6606,32767,41.0
510,W002,62441,2025-06-09 15:48:03.469000-04:00,69,82,6558,32767,42.0
511,W002,62482,2025-06-09 15:48:03.510000-04:00,69,82,6526,32767,41.0
512,W002,62525,2025-06-09 15:48:03.553000-04:00,69,82,6486,31744,43.0
513,W002,62565,2025-06-09 15:48:03.593000-04:00,69,82,6430,13568,40.0
514,W002,62607,2025-06-09 15:48:03.635000-04:00,69,82,6398,3840,42.0
515,W002,62648,2025-06-09 15:48:03.676000-04:00,69,82,6350,-8704,41.0
516,W002,62690,2025-06-09 15:48:03.718000-04:00,69,82,6270,-27904,42.0
517,W002,62732,2025-06-09 15:48:03.760000-04:00,69,82,6222,-32768,42.0
518,W002,62773,2025-06-09 15:48:03.801000-04:00,69,82,6142,-32768,41.0
519,W002,62815,2025-06-09 15:48:03.843000-04:00,69,82,6294,-6912,42.0
520,W002,62856,2025-06-09 15:48:03.884000-04:00,69,82,6590,32767,41.0
521,W002,62898,2025-06-09 15:48:03.926000-04:00,69,82,6846,32767,42.0
522,W002,62942,2025-06-09 15:48:03.970000-04:00,69,82,6910,32767,44.0
523,W002,62981,2025-06-09 15:48:04.009000-04:00,69,82,6910,32767,39.0
524,W002,63030,2025-06-09 15:48:04.058000-04:00,69,82,6870,32767,49.0
525,W002,63113,2025-06-09 15:48:04.141000-04:00,69,82,6734,32767,83.0
526,W002,63230,2025-06-09 15:48:04.258000-04:00,69,82,6574,-12800,117.0
527,W002,63275,2025-06-09 15:48:04.303000-04:00,69,82,6462,-32768,45.0
528,W002,63313,2025-06-09 15:48:04.341000-04:00,69,82,6334,-32768,38.0
529,W002,63355,2025-06-09 15:48:04.383000-04:00,69,82,6206,-32768,42.0
530,W002,63396,2025-06-09 15:48:04.424000-04:00,69,82,6094,-32768,41.0
531,W002,63438,2025-06-09 15:48:04.466000-04:00,69,82,5982,-32768,42.0
532,W002,63479,2025-06-09 15:48:04.507000-04:00,67,86,5886,-32768,41.0
533,W002,63521,2025-06-09 15:48:04.549000-04:00,67,86,5790,-32768,42.0
534,W002,63562,2025-06-09 15:48:04.590000-04:00,67,86,5694,-32768,41.0
535,W002,63604,2025-06-09 15:48:04.632000-04:00,67,86,5582,-32768,42.0
536,W002,63645,2025-06-09 15:48:04.673000-04:00,67,86,5486,-32768,41.0
537,W002,63687,2025-06-09 15:48:04.715000-04:00,67,86,5374,-32768,42.0
538,W002,63728,2025-06-09 15:48:04.756000-04:00,67,86,5438,-32768,41.0
539,W002,63770,2025-06-09 15:48:04.798000-04:00,67,86,5630,-32768,42.0
540,W002,63812,2025-06-09 15:48:04.840000-04:00,67,86,5782,-19712,42.0
0,W034,10539,2025-06-09 13:11:22.155000-04:00,61,69,2398,8960,
1,W034,10580,2025-06-09 13:11:22.196000-04:00,61,69,2382,3840,41.0
2,W034,10621,2025-06-09 13:11:22.237000-04:00,61,69,2382,3584,41.0
3,W034,10662,2025-06-09 13:11:22.278000-04:00,61,69,2350,-4864,41.0
4,W034,10703,2025-06-09 13:11:22.319000-04:00,61,69,2334,-8192,41.0
5,W034,10744,2025-06-09 13:11:22.360000-04:00,61,69,2326,-9216,41.0
6,W034,10784,2025-06-09 13:11:22.400000-04:00,61,69,2286,-18176,40.0
7,W034,10825,2025-06-09 13:11:22.441000-04:00,61,69,2262,-22016,41.0
8,W034,10870,2025-06-09 13:11:22.486000-04:00,61,69,2238,-25344,45.0
9,W034,10907,2025-06-09 13:11:22.523000-04:00,61,69,2222,-26112,37.0
10,W034,10956,2025-06-09 13:11:22.572000-04:00,61,69,2198,-28928,49.0
11,W034,11037,2025-06-09 13:11:22.653000-04:00,61,69,2174,-27136,81.0
12,W034,11119,2025-06-09 13:11:22.735000-04:00,61,69,1878,-32768,82.0
13,W034,11234,2025-06-09 13:11:22.850000-04:00,61,69,1242,-32768,115.0
14,W034,11280,2025-06-09 13:11:22.896000-04:00,61,69,1014,-32768,46.0
15,W034,11317,2025-06-09 13:11:22.933000-04:00,61,69,598,-32768,37.0
16,W034,11360,2025-06-09 13:11:22.976000-04:00,61,69,662,-32768,43.0
17,W034,11397,2025-06-09 13:11:23.013000-04:00,61,69,726,-32768,37.0
18,W034,11440,2025-06-09 13:11:23.056000-04:00,61,69,562,-32768,43.0
19,W034,11480,2025-06-09 13:11:23.096000-04:00,61,69,666,-32768,40.0
20,W034,11520,2025-06-09 13:11:23.136000-04:00,61,69,842,-32768,40.0
21,W034,11561,2025-06-09 13:11:23.177000-04:00,61,87,946,-32768,41.0
22,W034,11602,2025-06-09 13:11:23.218000-04:00,61,87,986,-32768,41.0
23,W034,11643,2025-06-09 13:11:23.259000-04:00,61,87,970,-32768,41.0
24,W034,11684,2025-06-09 13:11:23.300000-04:00,61,87,986,-32768,41.0
25,W034,11725,2025-06-09 13:11:23.341000-04:00,61,87,906,-32768,41.0
26,W034,11766,2025-06-09 13:11:23.382000-04:00,61,87,794,-32768,41.0
27,W034,11806,2025-06-09 13:11:23.422000-04:00,61,87,662,-32768,40.0
28,W034,11847,2025-06-09 13:11:23.463000-04:00,61,87,518,-32768,41.0
29,W034,11888,2025-06-09 13:11:23.504000-04:00,61,87,432,-32768,41.0
30,W034,11929,2025-06-09 13:11:23.545000-04:00,61,87,378,-32768,41.0
31,W034,11970,2025-06-09 13:11:23.586000-04:00,61,87,266,-32768,41.0
32,W034,12052,2025-06-09 13:11:23.668000-04:00,61,87,90,-32768,82.0
33,W034,12093,2025-06-09 13:11:23.709000-04:00,61,87,106,-32768,41.0
34,W034,12133,2025-06-09 13:11:23.749000-04:00,61,87,154,-32768,40.0
35,W034,12174,2025-06-09 13:11:23.790000-04:00,61,87,198,-32768,41.0
36,W034,12215,2025-06-09 13:11:23.831000-04:00,61,87,258,-32768,41.0
37,W034,12256,2025-06-09 13:11:23.872000-04:00,61,87,306,-32768,41.0
38,W034,12297,2025-06-09 13:11:23.913000-04:00,61,87,352,-24064,41.0
39,W034,12338,2025-06-09 13:11:23.954000-04:00,61,87,394,-10240,41.0
40,W034,12379,2025-06-09 13:11:23.995000-04:00,61,87,466,9472,41.0
41,W034,12419,2025-06-09 13:11:24.035000-04:00,61,87,534,25856,40.0
42,W034,12461,2025-06-09 13:11:24.077000-04:00,61,87,614,32767,42.0
43,W034,12501,2025-06-09 13:11:24.117000-04:00,61,91,690,32767,40.0
44,W034,12542,2025-06-09 13:11:24.158000-04:00,61,91,722,32767,41.0
45,W034,12583,2025-06-09 13:11:24.199000-04:00,61,91,730,32767,41.0
46,W034,12624,2025-06-09 13:11:24.240000-04:00,61,91,698,32767,41.0
47,W034,12665,2025-06-09 13:11:24.281000-04:00,61,91,674,27648,41.0
48,W034,12708,2025-06-09 13:11:24.324000-04:00,61,91,682,26368,43.0
49,W034,12746,2025-06-09 13:11:24.362000-04:00,61,91,710,30464,38.0
50,W034,12795,2025-06-09 13:11:24.411000-04:00,61,91,686,20736,49.0
51,W034,12878,2025-06-09 13:11:24.494000-04:00,61,91,590,-7424,83.0
52,W034,12959,2025-06-09 13:11:24.575000-04:00,61,91,718,25344,81.0
53,W034,13074,2025-06-09 13:11:24.690000-04:00,61,91,750,27392,115.0
54,W034,13120,2025-06-09 13:11:24.736000-04:00,61,91,846,32767,46.0
55,W034,13200,2025-06-09 13:11:24.816000-04:00,61,91,958,32767,80.0
56,W034,13237,2025-06-09 13:11:24.853000-04:00,61,91,1006,32767,37.0
57,W034,13280,2025-06-09 13:11:24.896000-04:00,61,91,1070,32767,43.0
58,W034,13319,2025-06-09 13:11:24.935000-04:00,61,91,1158,32767,39.0
59,W034,13360,2025-06-09 13:11:24.976000-04:00,61,91,1246,32767,41.0
60,W034,13401,2025-06-09 13:11:25.017000-04:00,61,91,1326,32767,41.0
61,W034,13442,2025-06-09 13:11:25.058000-04:00,61,90,1390,32767,41.0
62,W034,13482,2025-06-09 13:11:25.098000-04:00,61,90,1454,32767,40.0
63,W034,13523,2025-06-09 13:11:25.139000-04:00,61,90,1518,32767,41.0
64,W034,13564,2025-06-09 13:11:25.180000-04:00,61,90,1550,32767,41.0
65,W034,13605,2025-06-09 13:11:25.221000-04:00,61,90,1606,32767,41.0
66,W034,13646,2025-06-09 13:11:25.262000-04:00,61,90,1662,32767,41.0
67,W034,13687,2025-06-09 13:11:25.303000-04:00,61,90,1734,32767,41.0
68,W034,13728,2025-06-09 13:11:25.344000-04:00,61,90,1774,32767,41.0
69,W034,13768,2025-06-09 13:11:25.384000-04:00,61,90,1830,32767,40.0
70,W034,13810,2025-06-09 13:11:25.426000-04:00,61,90,1838,32767,42.0
71,W034,13850,2025-06-09 13:11:25.466000-04:00,61,90,1886,32767,40.0
72,W034,13891,2025-06-09 13:11:25.507000-04:00,61,90,1950,32767,41.0
73,W034,13932,2025-06-09 13:11:25.548000-04:00,61,90,2014,32767,41.0
74,W034,13973,2025-06-09 13:11:25.589000-04:00,61,90,2094,32767,41.0
75,W034,14014,2025-06-09 13:11:25.630000-04:00,61,90,2238,32767,41.0
76,W034,14055,2025-06-09 13:11:25.671000-04:00,61,90,2350,32767,41.0
77,W034,14095,2025-06-09 13:11:25.711000-04:00,61,90,2494,32767,40.0
78,W034,14137,2025-06-09 13:11:25.753000-04:00,61,90,2718,32767,42.0
79,W034,14177,2025-06-09 13:11:25.793000-04:00,61,90,2862,32767,40.0
80,W034,14218,2025-06-09 13:11:25.834000-04:00,61,90,2974,32767,41.0
81,W034,14259,2025-06-09 13:11:25.875000-04:00,61,90,3054,32767,41.0
82,W034,14300,2025-06-09 13:11:25.916000-04:00,61,90,3206,32767,41.0
83,W034,14341,2025-06-09 13:11:25.957000-04:00,58,86,3430,32767,41.0
84,W034,14382,2025-06-09 13:11:25.998000-04:00,58,86,3662,32767,41.0
85,W034,14422,2025-06-09 13:11:26.038000-04:00,58,86,3878,32767,40.0
86,W034,14464,2025-06-09 13:11:26.080000-04:00,58,86,4110,32767,42.0
87,W034,14504,2025-06-09 13:11:26.120000-04:00,58,86,4358,32767,40.0
88,W034,14548,2025-06-09 13:11:26.164000-04:00,58,86,4558,32767,44.0
89,W034,14586,2025-06-09 13:11:26.202000-04:00,58,86,4718,32767,38.0
90,W034,14628,2025-06-09 13:11:26.244000-04:00,58,86,4718,32767,42.0
91,W034,14668,2025-06-09 13:11:26.284000-04:00,58,86,4718,32767,40.0
92,W034,14717,2025-06-09 13:11:26.333000-04:00,58,86,4830,32767,49.0
93,W034,14798,2025-06-09 13:11:26.414000-04:00,58,86,5006,32767,81.0
94,W034,14913,2025-06-09 13:11:26.529000-04:00,58,86,5006,32767,115.0
95,W034,14995,2025-06-09 13:11:26.611000-04:00,58,86,5102,32767,82.0
96,W034,15040,2025-06-09 13:11:26.656000-04:00,58,86,5382,32767,45.0
97,W034,15077,2025-06-09 13:11:26.693000-04:00,58,86,5662,32767,37.0
98,W034,15120,2025-06-09 13:11:26.736000-04:00,58,86,5502,32767,43.0
99,W034,15159,2025-06-09 13:11:26.775000-04:00,58,86,5542,32767,39.0
100,W034,15200,2025-06-09 13:11:26.816000-04:00,58,86,5726,32767,41.0
101,W034,15240,2025-06-09 13:11:26.856000-04:00,58,86,5966,32767,40.0
102,W034,15281,2025-06-09 13:11:26.897000-04:00,58,86,6238,32767,41.0
103,W034,15322,2025-06-09 13:11:26.938000-04:00,58,86,6494,32767,41.0
104,W034,15363,2025-06-09 13:11:26.979000-04:00,58,86,6702,32767,41.0
105,W034,15404,2025-06-09 13:11:27.020000-04:00,58,16,6862,32767,41.0
106,W034,15446,2025-06-09 13:11:27.062000-04:00,58,16,7006,32767,42.0
107,W034,15486,2025-06-09 13:11:27.102000-04:00,58,16,6942,32767,40.0
108,W034,15526,2025-06-09 13:11:27.142000-04:00,58,16,6878,32767,40.0
109,W034,15568,2025-06-09 13:11:27.184000-04:00,58,16,6558,32767,42.0
110,W034,15608,2025-06-09 13:11:27.224000-04:00,58,16,6238,13824,40.0
111,W034,15649,2025-06-09 13:11:27.265000-04:00,58,16,6158,-8192,41.0
112,W034,15690,2025-06-09 13:11:27.306000-04:00,58,16,6350,32767,41.0
113,W034,15731,2025-06-09 13:11:27.347000-04:00,58,16,6238,8192,41.0
114,W034,15772,2025-06-09 13:11:27.388000-04:00,58,16,6174,-9216,41.0
115,W034,15812,2025-06-09 13:11:27.428000-04:00,58,16,6238,8448,40.0
116,W034,15853,2025-06-09 13:11:27.469000-04:00,58,16,6158,-13056,41.0
117,W034,15894,2025-06-09 13:11:27.510000-04:00,58,16,5966,-32768,41.0
118,W034,15935,2025-06-09 13:11:27.551000-04:00,58,16,5806,-32768,41.0
119,W034,15976,2025-06-09 13:11:27.592000-04:00,58,16,5726,-32768,41.0
120,W034,16017,2025-06-09 13:11:27.633000-04:00,58,16,5854,-32768,41.0
121,W034,16058,2025-06-09 13:11:27.674000-04:00,58,16,6094,11776,41.0
122,W034,16099,2025-06-09 13:11:27.715000-04:00,58,16,6334,32767,41.0
123,W034,16139,2025-06-09 13:11:27.755000-04:00,58,16,6142,13824,40.0
124,W034,16181,2025-06-09 13:11:27.797000-04:00,58,16,6014,-20480,42.0
125,W034,16221,2025-06-09 13:11:27.837000-04:00,58,70,5982,-26112,40.0
126,W034,16262,2025-06-09 13:11:27.878000-04:00,58,70,6030,-10496,41.0
127,W034,16303,2025-06-09 13:11:27.919000-04:00,58,70,6174,27904,41.0
128,W034,16344,2025-06-09 13:11:27.960000-04:00,58,70,6286,32767,41.0
129,W034,16388,2025-06-09 13:11:28.004000-04:00,58,70,6302,32767,44.0
130,W034,16426,2025-06-09 13:11:28.042000-04:00,58,70,6334,32767,38.0
131,W034,16469,2025-06-09 13:11:28.085000-04:00,58,70,6350,32767,43.0
132,W034,16508,2025-06-09 13:11:28.124000-04:00,58,70,6350,32767,39.0
133,W034,16556,2025-06-09 13:11:28.172000-04:00,58,70,6302,26624,48.0
134,W034,16638,2025-06-09 13:11:28.254000-04:00,58,70,5886,-32768,82.0
135,W034,16753,2025-06-09 13:11:28.369000-04:00,58,70,5886,-32768,115.0
136,W034,16835,2025-06-09 13:11:28.451000-04:00,58,70,5822,-32768,82.0
137,W034,16880,2025-06-09 13:11:28.496000-04:00,58,70,5566,-32768,45.0
138,W034,16916,2025-06-09 13:11:28.532000-04:00,58,70,5374,-32768,36.0
139,W034,16960,2025-06-09 13:11:28.576000-04:00,58,70,5246,-32768,44.0
140,W034,16998,2025-06-09 13:11:28.614000-04:00,58,70,5302,-32768,38.0
141,W034,17039,2025-06-09 13:11:28.655000-04:00,58,70,5454,-32768,41.0
142,W034,17080,2025-06-09 13:11:28.696000-04:00,58,70,5630,-23296,41.0
143,W034,17121,2025-06-09 13:11:28.737000-04:00,58,70,5870,32767,41.0
144,W034,17161,2025-06-09 13:11:28.777000-04:00,58,70,5662,-17152,40.0
145,W034,17203,2025-06-09 13:11:28.819000-04:00,60,70,5486,-32768,42.0
146,W034,17243,2025-06-09 13:11:28.859000-04:00,60,70,5374,-32768,40.0
147,W034,17284,2025-06-09 13:11:28.900000-04:00,60,70,5438,-32768,41.0
148,W034,17325,2025-06-09 13:11:28.941000-04:00,60,70,5558,-16640,41.0
149,W034,17366,2025-06-09 13:11:28.982000-04:00,60,70,5718,26624,41.0
150,W034,17407,2025-06-09 13:11:29.023000-04:00,60,70,5822,32767,41.0
151,W034,17448,2025-06-09 13:11:29.064000-04:00,60,70,5886,32767,41.0
152,W034,17488,2025-06-09 13:11:29.104000-04:00,60,70,5934,32767,40.0
153,W034,17530,2025-06-09 13:11:29.146000-04:00,60,70,5966,32767,42.0
154,W034,17570,2025-06-09 13:11:29.186000-04:00,60,70,6014,32767,40.0
155,W034,17611,2025-06-09 13:11:29.227000-04:00,60,70,5982,32767,41.0
156,W034,17652,2025-06-09 13:11:29.268000-04:00,60,70,5886,21760,41.0
157,W034,17693,2025-06-09 13:11:29.309000-04:00,60,70,5870,15104,41.0
158,W034,17734,2025-06-09 13:11:29.350000-04:00,60,70,5726,-23552,41.0
159,W034,17775,2025-06-09 13:11:29.391000-04:00,60,70,5622,-32768,41.0
160,W034,17815,2025-06-09 13:11:29.431000-04:00,60,70,5630,-32768,40.0
161,W034,17857,2025-06-09 13:11:29.473000-04:00,60,70,5750,-3328,42.0
162,W034,17897,2025-06-09 13:11:29.513000-04:00,60,70,5726,-8960,40.0
163,W034,17938,2025-06-09 13:11:29.554000-04:00,60,70,5550,-32768,41.0
164,W034,17979,2025-06-09 13:11:29.595000-04:00,60,70,5406,-32768,41.0
165,W034,18020,2025-06-09 13:11:29.636000-04:00,60,70,5334,-32768,41.0
166,W034,18061,2025-06-09 13:11:29.677000-04:00,60,70,5358,-32768,41.0
167,W034,18102,2025-06-09 13:11:29.718000-04:00,62,70,5438,-32768,41.0
168,W034,18142,2025-06-09 13:11:29.758000-04:00,62,70,5502,-21504,40.0
169,W034,18183,2025-06-09 13:11:29.799000-04:00,62,70,5526,-12544,41.0
170,W034,18227,2025-06-09 13:11:29.843000-04:00,62,70,5374,-32768,44.0
171,W034,18265,2025-06-09 13:11:29.881000-04:00,62,70,5182,-32768,38.0
172,W034,18309,2025-06-09 13:11:29.925000-04:00,62,70,5166,-32768,44.0
173,W034,18347,2025-06-09 13:11:29.963000-04:00,62,70,5166,-32768,38.0
174,W034,18396,2025-06-09 13:11:30.012000-04:00,62,70,5246,-32768,49.0
175,W034,18477,2025-06-09 13:11:30.093000-04:00,62,70,5566,32767,81.0
176,W034,18559,2025-06-09 13:11:30.175000-04:00,62,70,5886,32767,82.0
177,W034,18674,2025-06-09 13:11:30.290000-04:00,62,70,5950,32767,115.0
178,W034,18719,2025-06-09 13:11:30.335000-04:00,62,70,5758,32767,45.0
179,W034,18756,2025-06-09 13:11:30.372000-04:00,62,70,5550,-20992,37.0
180,W034,18799,2025-06-09 13:11:30.415000-04:00,62,70,5486,-32768,43.0
181,W034,18838,2025-06-09 13:11:30.454000-04:00,62,70,5438,-32768,39.0
182,W034,18879,2025-06-09 13:11:30.495000-04:00,62,70,5306,-32768,41.0
183,W034,18919,2025-06-09 13:11:30.535000-04:00,62,70,5198,-32768,40.0
184,W034,18960,2025-06-09 13:11:30.576000-04:00,62,70,5110,-32768,41.0
185,W034,19001,2025-06-09 13:11:30.617000-04:00,62,70,4894,-32768,41.0
186,W034,19042,2025-06-09 13:11:30.658000-04:00,62,0,4762,-32768,41.0
187,W034,19082,2025-06-09 13:11:30.698000-04:00,62,0,4686,-32768,40.0
188,W034,19123,2025-06-09 13:11:30.739000-04:00,62,0,4718,-32768,41.0
189,W034,19164,2025-06-09 13:11:30.780000-04:00,62,0,4798,-32768,41.0
190,W034,19205,2025-06-09 13:11:30.821000-04:00,62,0,4894,-32768,41.0
191,W034,19246,2025-06-09 13:11:30.862000-04:00,62,0,4894,-32768,41.0
192,W034,19287,2025-06-09 13:11:30.903000-04:00,62,0,4734,-32768,41.0
193,W034,19328,2025-06-09 13:11:30.944000-04:00,62,0,4686,-32768,41.0
194,W034,19368,2025-06-09 13:11:30.984000-04:00,62,0,4734,-32768,40.0
195,W034,19409,2025-06-09 13:11:31.025000-04:00,62,0,4790,-32768,41.0
196,W034,19450,2025-06-09 13:11:31.066000-04:00,62,0,4990,15616,41.0
197,W034,19491,2025-06-09 13:11:31.107000-04:00,62,0,5278,32767,41.0
198,W034,19532,2025-06-09 13:11:31.148000-04:00,62,0,5486,32767,41.0
199,W034,19573,2025-06-09 13:11:31.189000-04:00,62,0,5630,32767,41.0
200,W034,19614,2025-06-09 13:11:31.230000-04:00,62,0,5758,32767,41.0
201,W034,19655,2025-06-09 13:11:31.271000-04:00,62,0,5758,32767,41.0
202,W034,19695,2025-06-09 13:11:31.311000-04:00,62,0,5726,32767,40.0
203,W034,19736,2025-06-09 13:11:31.352000-04:00,62,0,5694,32767,41.0
204,W034,19777,2025-06-09 13:11:31.393000-04:00,62,0,5630,32767,41.0
205,W034,19818,2025-06-09 13:11:31.434000-04:00,62,0,5582,32767,41.0
206,W034,19859,2025-06-09 13:11:31.475000-04:00,62,0,5630,32767,41.0
207,W034,19900,2025-06-09 13:11:31.516000-04:00,62,0,5582,32767,41.0
208,W034,19941,2025-06-09 13:11:31.557000-04:00,62,0,5526,16128,41.0
209,W034,19982,2025-06-09 13:11:31.598000-04:00,62,0,5342,-32768,41.0
210,W034,20023,2025-06-09 13:11:31.639000-04:00,62,0,5102,-32768,41.0
211,W034,20066,2025-06-09 13:11:31.682000-04:00,62,0,4862,-32768,43.0
212,W034,20104,2025-06-09 13:11:31.720000-04:00,62,0,4750,-32768,38.0
213,W034,20148,2025-06-09 13:11:31.764000-04:00,62,0,4670,-32768,44.0
214,W034,20186,2025-06-09 13:11:31.802000-04:00,62,0,4654,-32768,38.0
215,W034,20235,2025-06-09 13:11:31.851000-04:00,62,0,4782,-32768,49.0
216,W034,20316,2025-06-09 13:11:31.932000-04:00,62,0,5166,25344,81.0
217,W034,20398,2025-06-09 13:11:32.014000-04:00,62,0,5310,32767,82.0
218,W034,20513,2025-06-09 13:11:32.129000-04:00,62,0,5718,32767,115.0
219,W034,20559,2025-06-09 13:11:32.175000-04:00,62,0,5790,32767,46.0
220,W034,20595,2025-06-09 13:11:32.211000-04:00,62,0,5846,32767,36.0
221,W034,20639,2025-06-09 13:11:32.255000-04:00,62,0,5870,32767,44.0
222,W034,20677,2025-06-09 13:11:32.293000-04:00,62,0,5886,32767,38.0
223,W034,20719,2025-06-09 13:11:32.335000-04:00,62,0,5758,32767,42.0
224,W034,20758,2025-06-09 13:11:32.374000-04:00,62,0,5630,28160,39.0
225,W034,20799,2025-06-09 13:11:32.415000-04:00,62,0,5550,4352,41.0
226,W034,20840,2025-06-09 13:11:32.456000-04:00,62,0,5182,-32768,41.0
227,W034,20881,2025-06-09 13:11:32.497000-04:00,62,0,4926,-32768,41.0
228,W034,20922,2025-06-09 13:11:32.538000-04:00,62,0,4734,-32768,41.0
229,W034,20963,2025-06-09 13:11:32.579000-04:00,62,0,4782,-32768,41.0
230,W034,21003,2025-06-09 13:11:32.619000-04:00,62,0,4886,-32768,40.0
231,W034,21044,2025-06-09 13:11:32.660000-04:00,62,0,4798,-32768,41.0
232,W034,21085,2025-06-09 13:11:32.701000-04:00,62,0,4734,-32768,41.0
233,W034,21126,2025-06-09 13:11:32.742000-04:00,62,0,4862,-32768,41.0
234,W034,21167,2025-06-09 13:11:32.783000-04:00,62,0,5038,-10240,41.0
235,W034,21208,2025-06-09 13:11:32.824000-04:00,62,0,5054,-4864,41.0
236,W034,21249,2025-06-09 13:11:32.865000-04:00,62,0,4942,-32768,41.0
237,W034,21290,2025-06-09 13:11:32.906000-04:00,62,0,4782,-32768,41.0
238,W034,21330,2025-06-09 13:11:32.946000-04:00,62,0,4718,-32768,40.0
239,W034,21371,2025-06-09 13:11:32.987000-04:00,62,0,4730,-32768,41.0
240,W034,21412,2025-06-09 13:11:33.028000-04:00,62,0,4718,-32768,41.0
241,W034,21453,2025-06-09 13:11:33.069000-04:00,62,0,4694,-32768,41.0
242,W034,21494,2025-06-09 13:11:33.110000-04:00,62,0,4766,-32256,41.0
243,W034,21535,2025-06-09 13:11:33.151000-04:00,62,0,4830,-11776,41.0
244,W034,21576,2025-06-09 13:11:33.192000-04:00,62,0,4894,6144,41.0
245,W034,21616,2025-06-09 13:11:33.232000-04:00,62,0,4910,9472,40.0
246,W034,21657,2025-06-09 13:11:33.273000-04:00,62,0,4862,-3840,41.0
247,W034,21698,2025-06-09 13:11:33.314000-04:00,62,0,4778,-24832,41.0
248,W034,21739,2025-06-09 13:11:33.355000-04:00,62,0,4574,-32768,41.0
249,W034,21780,2025-06-09 13:11:33.396000-04:00,62,0,4334,-32768,41.0
250,W034,21821,2025-06-09 13:11:33.437000-04:00,62,0,4158,-32768,41.0
251,W034,21862,2025-06-09 13:11:33.478000-04:00,62,0,4014,-32768,41.0
252,W034,21903,2025-06-09 13:11:33.519000-04:00,62,0,3742,-32768,41.0
253,W034,21944,2025-06-09 13:11:33.560000-04:00,62,0,3742,-32768,41.0
254,W034,21987,2025-06-09 13:11:33.603000-04:00,62,0,3838,-32768,43.0
255,W034,22025,2025-06-09 13:11:33.641000-04:00,62,0,4158,-32768,38.0
256,W034,22074,2025-06-09 13:11:33.690000-04:00,62,0,4254,-13568,49.0
257,W034,22156,2025-06-09 13:11:33.772000-04:00,62,0,4090,-32768,82.0
258,W034,22238,2025-06-09 13:11:33.854000-04:00,62,0,4094,-32768,82.0
259,W034,22352,2025-06-09 13:11:33.968000-04:00,62,0,3734,-32768,114.0
260,W034,22434,2025-06-09 13:11:34.050000-04:00,62,0,3582,-32768,82.0
261,W034,22479,2025-06-09 13:11:34.095000-04:00,62,0,3518,-32768,45.0
262,W034,22516,2025-06-09 13:11:34.132000-04:00,62,0,3510,-32768,37.0
263,W034,22559,2025-06-09 13:11:34.175000-04:00,62,0,3566,-32768,43.0
264,W034,22598,2025-06-09 13:11:34.214000-04:00,62,0,3614,-32768,39.0
265,W034,22639,2025-06-09 13:11:34.255000-04:00,62,0,3614,-32768,41.0
266,W034,22679,2025-06-09 13:11:34.295000-04:00,62,0,3614,-32768,40.0
267,W034,22720,2025-06-09 13:11:34.336000-04:00,62,0,3606,-32768,41.0
268,W034,22761,2025-06-09 13:11:34.377000-04:00,62,0,3574,-32768,41.0
269,W034,22802,2025-06-09 13:11:34.418000-04:00,62,0,3510,-32768,41.0
270,W034,22843,2025-06-09 13:11:34.459000-04:00,62,0,3358,-32768,41.0
271,W034,22884,2025-06-09 13:11:34.500000-04:00,62,0,3214,-32768,41.0
272,W034,22925,2025-06-09 13:11:34.541000-04:00,62,0,3070,-32768,41.0
273,W034,22965,2025-06-09 13:11:34.581000-04:00,62,0,2922,-32768,40.0
274,W034,23006,2025-06-09 13:11:34.622000-04:00,62,0,2922,-32768,41.0
275,W034,23047,2025-06-09 13:11:34.663000-04:00,62,0,3102,-32768,41.0
276,W034,23088,2025-06-09 13:11:34.704000-04:00,62,0,3182,-32768,41.0
277,W034,23129,2025-06-09 13:11:34.745000-04:00,62,0,3130,-32768,41.0
278,W034,23170,2025-06-09 13:11:34.786000-04:00,62,0,3114,-32768,41.0
279,W034,23211,2025-06-09 13:11:34.827000-04:00,62,0,3118,-32768,41.0
280,W034,23251,2025-06-09 13:11:34.867000-04:00,62,0,3150,-29440,40.0
281,W034,23292,2025-06-09 13:11:34.908000-04:00,62,0,3070,-32768,41.0
282,W034,23333,2025-06-09 13:11:34.949000-04:00,62,0,2878,-32768,41.0
283,W034,23374,2025-06-09 13:11:34.990000-04:00,62,0,2782,-32768,41.0
284,W034,23415,2025-06-09 13:11:35.031000-04:00,62,0,2702,-32768,41.0
285,W034,23456,2025-06-09 13:11:35.072000-04:00,62,0,2654,-32768,41.0
286,W034,23497,2025-06-09 13:11:35.113000-04:00,62,0,2598,-32768,41.0
287,W034,23538,2025-06-09 13:11:35.154000-04:00,62,0,2634,-32768,41.0
288,W034,23578,2025-06-09 13:11:35.194000-04:00,62,0,2862,-16896,40.0
289,W034,23620,2025-06-09 13:11:35.236000-04:00,62,0,3114,32767,42.0
290,W034,23660,2025-06-09 13:11:35.276000-04:00,62,0,3278,32767,40.0
291,W034,23701,2025-06-09 13:11:35.317000-04:00,62,0,3326,32767,41.0
292,W034,23745,2025-06-09 13:11:35.361000-04:00,62,0,3326,32767,44.0
293,W034,23783,2025-06-09 13:11:35.399000-04:00,62,0,3286,32767,38.0
294,W034,23826,2025-06-09 13:11:35.442000-04:00,62,0,3158,17408,43.0
295,W034,23865,2025-06-09 13:11:35.481000-04:00,62,0,3006,-23552,39.0
296,W034,23908,2025-06-09 13:11:35.524000-04:00,62,0,2942,-32768,43.0
297,W034,23946,2025-06-09 13:11:35.562000-04:00,62,0,2846,-32768,38.0
298,W034,23995,2025-06-09 13:11:35.611000-04:00,62,0,2814,-32768,49.0
299,W034,24077,2025-06-09 13:11:35.693000-04:00,62,0,2846,-32768,82.0
300,W034,24192,2025-06-09 13:11:35.808000-04:00,62,0,2686,-32768,115.0
301,W034,24273,2025-06-09 13:11:35.889000-04:00,62,0,2526,-32768,81.0
302,W034,24319,2025-06-09 13:11:35.935000-04:00,62,0,2558,-32768,46.0
303,W034,24355,2025-06-09 13:11:35.971000-04:00,62,0,2646,-32768,36.0
304,W034,24399,2025-06-09 13:11:36.015000-04:00,62,0,2718,-22784,44.0
305,W034,24437,2025-06-09 13:11:36.053000-04:00,62,0,2814,4864,38.0
306,W034,24478,2025-06-09 13:11:36.094000-04:00,62,0,2894,24832,41.0
307,W034,24519,2025-06-09 13:11:36.135000-04:00,62,0,2862,13568,41.0
308,W034,24560,2025-06-09 13:11:36.176000-04:00,62,0,2894,20224,41.0
309,W034,24601,2025-06-09 13:11:36.217000-04:00,62,0,2942,30208,41.0
310,W034,24641,2025-06-09 13:11:36.257000-04:00,62,0,3050,32767,40.0
311,W034,24682,2025-06-09 13:11:36.298000-04:00,62,0,3182,32767,41.0
312,W034,24723,2025-06-09 13:11:36.339000-04:00,74,79,3294,32767,41.0
313,W034,24764,2025-06-09 13:11:36.380000-04:00,74,79,3358,32767,41.0
314,W034,24805,2025-06-09 13:11:36.421000-04:00,74,79,3390,32767,41.0
315,W034,24846,2025-06-09 13:11:36.462000-04:00,74,79,3390,32767,41.0
316,W034,24886,2025-06-09 13:11:36.502000-04:00,74,79,3382,32767,40.0
317,W034,24927,2025-06-09 13:11:36.543000-04:00,74,79,3310,32767,41.0
318,W034,24968,2025-06-09 13:11:36.584000-04:00,74,79,3182,8448,41.0
319,W034,25009,2025-06-09 13:11:36.625000-04:00,74,79,3054,-25344,41.0
320,W034,25050,2025-06-09 13:11:36.666000-04:00,74,79,2998,-32768,41.0
321,W034,25091,2025-06-09 13:11:36.707000-04:00,74,79,2966,-32768,41.0
322,W034,25131,2025-06-09 13:11:36.747000-04:00,74,79,2846,-32768,40.0
323,W034,25172,2025-06-09 13:11:36.788000-04:00,74,79,2774,-32768,41.0
324,W034,25213,2025-06-09 13:11:36.829000-04:00,74,79,2782,-32768,41.0
325,W034,25254,2025-06-09 13:11:36.870000-04:00,74,79,2858,-32768,41.0
326,W034,25295,2025-06-09 13:11:36.911000-04:00,74,79,2862,-30976,41.0
327,W034,25336,2025-06-09 13:11:36.952000-04:00,74,79,2926,-10496,41.0
328,W034,25377,2025-06-09 13:11:36.993000-04:00,74,79,2990,7424,41.0
329,W034,25418,2025-06-09 13:11:37.034000-04:00,74,79,3062,25088,41.0
330,W034,25458,2025-06-09 13:11:37.074000-04:00,74,79,2990,3584,40.0
331,W034,25499,2025-06-09 13:11:37.115000-04:00,74,79,2878,-25344,41.0
332,W034,25540,2025-06-09 13:11:37.156000-04:00,74,79,2806,-32768,41.0
333,W034,25581,2025-06-09 13:11:37.197000-04:00,74,79,2814,-32768,41.0
334,W034,25622,2025-06-09 13:11:37.238000-04:00,74,79,2830,-24832,41.0
335,W034,25665,2025-06-09 13:11:37.281000-04:00,74,79,2966,13312,43.0
336,W034,25704,2025-06-09 13:11:37.320000-04:00,85,41,3070,32767,39.0
337,W034,25747,2025-06-09 13:11:37.363000-04:00,85,41,3222,32767,43.0
338,W034,25785,2025-06-09 13:11:37.401000-04:00,85,41,3294,32767,38.0
339,W034,25834,2025-06-09 13:11:37.450000-04:00,85,41,3366,32767,49.0
340,W034,25916,2025-06-09 13:11:37.532000-04:00,85,41,3390,32767,82.0
341,W034,25998,2025-06-09 13:11:37.614000-04:00,85,41,3366,32767,82.0
342,W034,26113,2025-06-09 13:11:37.729000-04:00,85,41,2942,-32768,115.0
343,W034,26158,2025-06-09 13:11:37.774000-04:00,85,41,2814,-32768,45.0
344,W034,26195,2025-06-09 13:11:37.811000-04:00,85,41,2846,-32768,37.0
345,W034,26238,2025-06-09 13:11:37.854000-04:00,85,41,2942,-32768,43.0
346,W034,26276,2025-06-09 13:11:37.892000-04:00,85,41,2966,-26112,38.0
347,W034,26318,2025-06-09 13:11:37.934000-04:00,85,41,2934,-30976,42.0
348,W034,26358,2025-06-09 13:11:37.974000-04:00,85,41,2894,-32768,40.0
349,W034,26398,2025-06-09 13:11:38.014000-04:00,85,41,2870,-32768,40.0
350,W034,26440,2025-06-09 13:11:38.056000-04:00,85,41,2910,-23296,42.0
351,W034,26480,2025-06-09 13:11:38.096000-04:00,85,41,2964,-6400,40.0
352,W034,26521,2025-06-09 13:11:38.137000-04:00,85,41,2974,-2816,41.0
353,W034,26562,2025-06-09 13:11:38.178000-04:00,85,41,2934,-12544,41.0
354,W034,26603,2025-06-09 13:11:38.219000-04:00,85,41,2798,-32768,41.0
355,W034,26644,2025-06-09 13:11:38.260000-04:00,92,83,2686,-32768,41.0
356,W034,26685,2025-06-09 13:11:38.301000-04:00,92,83,2654,-32768,41.0
357,W034,26725,2025-06-09 13:11:38.341000-04:00,92,83,2686,-32768,40.0
358,W034,26767,2025-06-09 13:11:38.383000-04:00,92,83,2782,-19968,42.0
359,W034,26807,2025-06-09 13:11:38.423000-04:00,92,83,2890,10240,40.0
360,W034,26848,2025-06-09 13:11:38.464000-04:00,92,83,2974,30464,41.0
361,W034,26889,2025-06-09 13:11:38.505000-04:00,92,83,2990,30976,41.0
362,W034,26930,2025-06-09 13:11:38.546000-04:00,92,83,2998,29184,41.0
363,W034,26971,2025-06-09 13:11:38.587000-04:00,92,83,2894,-1024,41.0
364,W034,27012,2025-06-09 13:11:38.628000-04:00,92,83,2734,-32768,41.0
365,W034,27052,2025-06-09 13:11:38.668000-04:00,92,83,2622,-32768,40.0
366,W034,27093,2025-06-09 13:11:38.709000-04:00,92,83,2558,-32768,41.0
367,W034,27134,2025-06-09 13:11:38.750000-04:00,92,83,2430,-32768,41.0
368,W034,27175,2025-06-09 13:11:38.791000-04:00,92,83,2430,-32768,41.0
369,W034,27216,2025-06-09 13:11:38.832000-04:00,92,83,2474,-32768,41.0
370,W034,27257,2025-06-09 13:11:38.873000-04:00,92,83,2430,-32768,41.0
371,W034,27298,2025-06-09 13:11:38.914000-04:00,92,83,2558,-24576,41.0
372,W034,27339,2025-06-09 13:11:38.955000-04:00,92,83,2522,-30720,41.0
373,W034,27379,2025-06-09 13:11:38.995000-04:00,92,83,2478,-32768,40.0
374,W034,27420,2025-06-09 13:11:39.036000-04:00,92,83,2410,-32768,41.0
375,W034,27461,2025-06-09 13:11:39.077000-04:00,92,83,2398,-32768,41.0
376,W034,27505,2025-06-09 13:11:39.121000-04:00,92,83,2422,-32768,44.0
377,W034,27543,2025-06-09 13:11:39.159000-04:00,92,83,2474,-17152,38.0
378,W034,27586,2025-06-09 13:11:39.202000-04:00,92,83,2518,-3584,43.0
379,W034,27625,2025-06-09 13:11:39.241000-04:00,97,80,2558,7168,39.0
380,W034,27674,2025-06-09 13:11:39.290000-04:00,97,80,2494,-9984,49.0
381,W034,27755,2025-06-09 13:11:39.371000-04:00,97,80,2350,-32768,81.0
382,W034,27837,2025-06-09 13:11:39.453000-04:00,97,80,2486,3840,82.0
383,W034,27952,2025-06-09 13:11:39.568000-04:00,97,80,2726,32767,115.0
384,W034,27998,2025-06-09 13:11:39.614000-04:00,97,80,2774,32767,46.0
385,W034,28033,2025-06-09 13:11:39.649000-04:00,97,80,2814,32767,35.0
386,W034,28078,2025-06-09 13:11:39.694000-04:00,97,80,2862,32767,45.0
387,W034,28115,2025-06-09 13:11:39.731000-04:00,97,80,2830,32767,37.0
388,W034,28158,2025-06-09 13:11:39.774000-04:00,97,80,2766,31744,43.0
389,W034,28197,2025-06-09 13:11:39.813000-04:00,97,80,2590,-17152,39.0
390,W034,28238,2025-06-09 13:11:39.854000-04:00,97,80,2516,-32768,41.0
391,W034,28279,2025-06-09 13:11:39.895000-04:00,97,80,2446,-32768,41.0
392,W034,28319,2025-06-09 13:11:39.935000-04:00,97,80,2446,-32768,40.0
393,W034,28361,2025-06-09 13:11:39.977000-04:00,97,80,2494,-23552,42.0
394,W034,28401,2025-06-09 13:11:40.017000-04:00,97,80,2510,-16384,40.0
395,W034,28442,2025-06-09 13:11:40.058000-04:00,97,80,2522,-11264,41.0
396,W034,28483,2025-06-09 13:11:40.099000-04:00,97,80,2510,-12800,41.0
397,W034,28524,2025-06-09 13:11:40.140000-04:00,97,80,2486,-17152,41.0
398,W034,28565,2025-06-09 13:11:40.181000-04:00,101,66,2518,-6656,41.0
399,W034,28606,2025-06-09 13:11:40.222000-04:00,101,66,2542,512,41.0
400,W034,28647,2025-06-09 13:11:40.263000-04:00,101,66,2558,4608,41.0
401,W034,28688,2025-06-09 13:11:40.304000-04:00,101,66,2574,8192,41.0
402,W034,28728,2025-06-09 13:11:40.344000-04:00,101,66,2550,1024,40.0
403,W034,28769,2025-06-09 13:11:40.385000-04:00,101,66,2430,-29696,41.0
404,W034,28810,2025-06-09 13:11:40.426000-04:00,101,66,2538,1792,41.0
405,W034,28851,2025-06-09 13:11:40.467000-04:00,101,66,2598,17152,41.0
406,W034,28892,2025-06-09 13:11:40.508000-04:00,101,66,2702,32767,41.0
407,W034,28933,2025-06-09 13:11:40.549000-04:00,101,66,2814,32767,41.0
408,W034,28973,2025-06-09 13:11:40.589000-04:00,101,66,2922,32767,40.0
409,W034,29014,2025-06-09 13:11:40.630000-04:00,101,66,2990,32767,41.0
410,W034,29055,2025-06-09 13:11:40.671000-04:00,101,66,3070,32767,41.0
411,W034,29096,2025-06-09 13:11:40.712000-04:00,101,66,3118,32767,41.0
412,W034,29137,2025-06-09 13:11:40.753000-04:00,101,66,3150,32767,41.0
413,W034,29178,2025-06-09 13:11:40.794000-04:00,101,66,3070,32767,41.0
414,W034,29219,2025-06-09 13:11:40.835000-04:00,101,66,2858,1792,41.0
415,W034,29260,2025-06-09 13:11:40.876000-04:00,101,66,2686,-32768,41.0
416,W034,29300,2025-06-09 13:11:40.916000-04:00,101,66,2542,-32768,40.0
417,W034,29341,2025-06-09 13:11:40.957000-04:00,101,66,2526,-32768,41.0
418,W034,29382,2025-06-09 13:11:40.998000-04:00,101,66,2606,-32768,41.0
419,W034,29424,2025-06-09 13:11:41.040000-04:00,101,66,2750,2560,42.0
420,W034,29464,2025-06-09 13:11:41.080000-04:00,101,66,2838,24832,40.0
421,W034,29513,2025-06-09 13:11:41.129000-04:00,101,66,2638,-29440,49.0
422,W034,29588,2025-06-09 13:11:41.204000-04:00,104,71,2646,-20736,75.0
423,W034,29627,2025-06-09 13:11:41.243000-04:00,104,71,2686,-7680,39.0
424,W034,29676,2025-06-09 13:11:41.292000-04:00,104,71,2718,1536,49.0
425,W034,29791,2025-06-09 13:11:41.407000-04:00,104,71,2838,31744,115.0
426,W034,29873,2025-06-09 13:11:41.489000-04:00,104,71,2814,21760,82.0
427,W034,29918,2025-06-09 13:11:41.534000-04:00,104,71,2906,32767,45.0
428,W034,29954,2025-06-09 13:11:41.570000-04:00,104,71,2974,32767,36.0
429,W034,29998,2025-06-09 13:11:41.614000-04:00,104,71,2990,32767,44.0
430,W034,30036,2025-06-09 13:11:41.652000-04:00,104,71,2998,32767,38.0
431,W034,30078,2025-06-09 13:11:41.694000-04:00,104,71,2966,32767,42.0
432,W034,30118,2025-06-09 13:11:41.734000-04:00,104,71,2874,6400,40.0
433,W034,30159,2025-06-09 13:11:41.775000-04:00,104,71,2870,4608,41.0
434,W034,30200,2025-06-09 13:11:41.816000-04:00,104,71,2842,-3072,41.0
435,W034,30241,2025-06-09 13:11:41.857000-04:00,104,71,2878,6656,41.0
436,W034,30282,2025-06-09 13:11:41.898000-04:00,104,71,2910,14080,41.0
437,W034,30322,2025-06-09 13:11:41.938000-04:00,104,71,2958,24832,40.0
438,W034,30363,2025-06-09 13:11:41.979000-04:00,104,71,2942,17664,41.0
439,W034,30404,2025-06-09 13:11:42.020000-04:00,104,71,2934,13568,41.0
440,W034,30445,2025-06-09 13:11:42.061000-04:00,104,71,2974,22272,41.0
441,W034,30487,2025-06-09 13:11:42.103000-04:00,104,79,2910,3328,42.0
442,W034,30527,2025-06-09 13:11:42.143000-04:00,104,79,2794,-26624,40.0
443,W034,30568,2025-06-09 13:11:42.184000-04:00,104,79,2702,-32768,41.0
444,W034,30609,2025-06-09 13:11:42.225000-04:00,104,79,2606,-32768,41.0
445,W034,30649,2025-06-09 13:11:42.265000-04:00,104,79,2542,-32768,40.0
446,W034,30690,2025-06-09 13:11:42.306000-04:00,104,79,2522,-32768,41.0
447,W034,30731,2025-06-09 13:11:42.347000-04:00,104,79,2490,-32768,41.0
448,W034,30772,2025-06-09 13:11:42.388000-04:00,104,79,2462,-32768,41.0
449,W034,30813,2025-06-09 13:11:42.429000-04:00,104,79,2382,-32768,41.0
450,W034,30854,2025-06-09 13:11:42.470000-04:00,104,79,2294,-32768,41.0
451,W034,30895,2025-06-09 13:11:42.511000-04:00,104,79,2318,-32768,41.0
452,W034,30936,2025-06-09 13:11:42.552000-04:00,104,79,2358,-32768,41.0
453,W034,30976,2025-06-09 13:11:42.592000-04:00,104,79,2398,-32768,40.0
454,W034,31017,2025-06-09 13:11:42.633000-04:00,104,79,2446,-20480,41.0
455,W034,31058,2025-06-09 13:11:42.674000-04:00,104,79,2590,18944,41.0
456,W034,31099,2025-06-09 13:11:42.715000-04:00,104,79,2622,24832,41.0
457,W034,31140,2025-06-09 13:11:42.756000-04:00,104,79,2702,32767,41.0
458,W034,31181,2025-06-09 13:11:42.797000-04:00,104,79,2670,28928,41.0
459,W034,31222,2025-06-09 13:11:42.838000-04:00,104,79,2602,7936,41.0
460,W034,31265,2025-06-09 13:11:42.881000-04:00,104,79,2494,-20480,43.0
461,W034,31303,2025-06-09 13:11:42.919000-04:00,104,79,2326,-32768,38.0
462,W034,31347,2025-06-09 13:11:42.963000-04:00,104,79,2174,-32768,44.0
463,W034,31385,2025-06-09 13:11:43.001000-04:00,104,79,2062,-32768,38.0
464,W034,31434,2025-06-09 13:11:43.050000-04:00,104,79,2006,-32768,49.0
465,W034,31516,2025-06-09 13:11:43.132000-04:00,104,86,2142,-32768,82.0
466,W034,31631,2025-06-09 13:11:43.247000-04:00,104,86,2142,-32768,115.0
467,W034,31712,2025-06-09 13:11:43.328000-04:00,104,86,2070,-32768,81.0
468,W034,31758,2025-06-09 13:11:43.374000-04:00,104,86,2046,-32768,46.0
469,W034,31794,2025-06-09 13:11:43.410000-04:00,104,86,1982,-32768,36.0
470,W034,31838,2025-06-09 13:11:43.454000-04:00,104,86,1894,-32768,44.0
471,W034,31876,2025-06-09 13:11:43.492000-04:00,104,86,1790,-32768,38.0
472,W034,31917,2025-06-09 13:11:43.533000-04:00,104,86,1822,-32768,41.0
473,W034,31957,2025-06-09 13:11:43.573000-04:00,104,86,1770,-32768,40.0
474,W034,31998,2025-06-09 13:11:43.614000-04:00,104,86,1758,-32768,41.0
475,W034,32039,2025-06-09 13:11:43.655000-04:00,104,86,1750,-32768,41.0
476,W034,32080,2025-06-09 13:11:43.696000-04:00,104,86,1830,-32768,41.0
477,W034,32121,2025-06-09 13:11:43.737000-04:00,104,86,1934,-3840,41.0
478,W034,32162,2025-06-09 13:11:43.778000-04:00,104,86,1982,8960,41.0
479,W034,32203,2025-06-09 13:11:43.819000-04:00,104,86,2014,16128,41.0
480,W034,32243,2025-06-09 13:11:43.859000-04:00,104,86,2078,30720,40.0
481,W034,32284,2025-06-09 13:11:43.900000-04:00,104,86,2158,32767,41.0
482,W034,32325,2025-06-09 13:11:43.941000-04:00,104,86,2230,32767,41.0
483,W034,32366,2025-06-09 13:11:43.982000-04:00,104,86,2262,32767,41.0
484,W034,32407,2025-06-09 13:11:44.023000-04:00,104,86,2302,32767,41.0
485,W034,32448,2025-06-09 13:11:44.064000-04:00,104,89,2294,32767,41.0
486,W034,32489,2025-06-09 13:11:44.105000-04:00,104,89,2238,32512,41.0
487,W034,32530,2025-06-09 13:11:44.146000-04:00,104,89,2174,12288,41.0
488,W034,32570,2025-06-09 13:11:44.186000-04:00,104,89,2102,-7680,40.0
489,W034,32611,2025-06-09 13:11:44.227000-04:00,104,89,2134,1536,41.0
490,W034,32652,2025-06-09 13:11:44.268000-04:00,104,89,2190,15872,41.0
491,W034,32693,2025-06-09 13:11:44.309000-04:00,104,89,2190,14080,41.0
492,W034,32734,2025-06-09 13:11:44.350000-04:00,104,89,2230,22784,41.0
493,W034,32775,2025-06-09 13:11:44.391000-04:00,104,89,2174,5632,41.0
494,W034,32816,2025-06-09 13:11:44.432000-04:00,104,89,2126,-7168,41.0
495,W034,32857,2025-06-09 13:11:44.473000-04:00,104,89,2046,-26624,41.0
496,W034,32897,2025-06-09 13:11:44.513000-04:00,104,89,2014,-31488,40.0
497,W034,32938,2025-06-09 13:11:44.554000-04:00,104,89,1966,-32768,41.0
498,W034,32979,2025-06-09 13:11:44.595000-04:00,104,89,1918,-32768,41.0
499,W034,33020,2025-06-09 13:11:44.636000-04:00,104,89,1870,-32768,41.0
500,W034,33061,2025-06-09 13:11:44.677000-04:00,104,89,1974,-19968,41.0
501,W034,33104,2025-06-09 13:11:44.720000-04:00,104,89,2158,29696,43.0
502,W034,33143,2025-06-09 13:11:44.759000-04:00,104,89,2366,32767,39.0
503,W034,33186,2025-06-09 13:11:44.802000-04:00,104,89,2478,32767,43.0
504,W034,33224,2025-06-09 13:11:44.840000-04:00,104,89,2430,32767,38.0
505,W034,33273,2025-06-09 13:11:44.889000-04:00,104,89,2302,31744,49.0
506,W034,33355,2025-06-09 13:11:44.971000-04:00,104,86,2598,32767,82.0
507,W034,33437,2025-06-09 13:11:45.053000-04:00,104,86,2446,32767,82.0
508,W034,33552,2025-06-09 13:11:45.168000-04:00,104,86,2318,-2816,115.0
509,W034,33597,2025-06-09 13:11:45.213000-04:00,104,86,2238,-22784,45.0
510,W034,33633,2025-06-09 13:11:45.249000-04:00,104,86,2158,-32768,36.0
511,W034,33677,2025-06-09 13:11:45.293000-04:00,104,86,2158,-32768,44.0
512,W034,33715,2025-06-09 13:11:45.331000-04:00,104,86,2166,-28416,38.0
513,W034,33758,2025-06-09 13:11:45.374000-04:00,104,86,2142,-30976,43.0
514,W034,33797,2025-06-09 13:11:45.413000-04:00,104,86,2214,-8448,39.0
515,W034,33837,2025-06-09 13:11:45.453000-04:00,104,86,2222,-5120,40.0
516,W034,33879,2025-06-09 13:11:45.495000-04:00,104,86,2250,2816,42.0
517,W034,33919,2025-06-09 13:11:45.535000-04:00,104,86,2282,10752,40.0
518,W034,33960,2025-06-09 13:11:45.576000-04:00,104,86,2286,10496,41.0
519,W034,34001,2025-06-09 13:11:45.617000-04:00,104,86,2250,0,41.0
520,W034,34042,2025-06-09 13:11:45.658000-04:00,104,86,2190,-15360,41.0
521,W034,34083,2025-06-09 13:11:45.699000-04:00,104,86,2126,-29696,41.0
522,W034,34124,2025-06-09 13:11:45.740000-04:00,104,86,2134,-23808,41.0
523,W034,34164,2025-06-09 13:11:45.780000-04:00,104,86,2198,-4352,40.0
524,W034,34205,2025-06-09 13:11:45.821000-04:00,104,86,2222,2560,41.0
525,W034,34246,2025-06-09 13:11:45.862000-04:00,104,86,2206,-1792,41.0
526,W034,34287,2025-06-09 13:11:45.903000-04:00,104,86,2238,6656,41.0
527,W034,34328,2025-06-09 13:11:45.944000-04:00,104,86,2270,14080,41.0
528,W034,34370,2025-06-09 13:11:45.986000-04:00,105,73,2302,20736,42.0
529,W034,34410,2025-06-09 13:11:46.026000-04:00,105,73,2462,32767,40.0
530,W034,34451,2025-06-09 13:11:46.067000-04:00,105,73,2558,32767,41.0
531,W034,34491,2025-06-09 13:11:46.107000-04:00,105,73,2558,32767,40.0
532,W034,34532,2025-06-09 13:11:46.148000-04:00,105,73,2586,32767,41.0
533,W034,34573,2025-06-09 13:11:46.189000-04:00,105,73,2614,32767,41.0
534,W034,34614,2025-06-09 13:11:46.230000-04:00,105,73,2634,32767,41.0
535,W034,34655,2025-06-09 13:11:46.271000-04:00,105,73,2510,22784,41.0
536,W034,34696,2025-06-09 13:11:46.312000-04:00,105,73,2390,-10752,41.0
537,W034,34737,2025-06-09 13:11:46.353000-04:00,105,73,2390,-9216,41.0
538,W034,34778,2025-06-09 13:11:46.394000-04:00,105,73,2462,10496,41.0
539,W034,34818,2025-06-09 13:11:46.434000-04:00,105,73,2586,32767,40.0
540,W034,34859,2025-06-09 13:11:46.475000-04:00,105,73,2638,32767,41.0
541,W034,34900,2025-06-09 13:11:46.516000-04:00,105,73,2766,32767,41.0
542,W034,34944,2025-06-09 13:11:46.560000-04:00,105,73,2846,32767,44.0
543,W034,34982,2025-06-09 13:11:46.598000-04:00,105,73,2870,32767,38.0
544,W034,35026,2025-06-09 13:11:46.642000-04:00,105,73,2830,32767,44.0
545,W034,35064,2025-06-09 13:11:46.680000-04:00,105,73,2794,32767,38.0
546,W034,35113,2025-06-09 13:11:46.729000-04:00,105,73,2734,24064,49.0
547,W034,35195,2025-06-09 13:11:46.811000-04:00,105,73,2622,-7168,82.0
548,W034,35277,2025-06-09 13:11:46.893000-04:00,105,50,2622,-6400,82.0
549,W034,35391,2025-06-09 13:11:47.007000-04:00,105,50,2798,32767,114.0
550,W034,35437,2025-06-09 13:11:47.053000-04:00,105,50,2798,32767,46.0
551,W034,35473,2025-06-09 13:11:47.089000-04:00,105,50,2870,32767,36.0
552,W034,35517,2025-06-09 13:11:47.133000-04:00,105,50,3030,32767,44.0
553,W034,35554,2025-06-09 13:11:47.170000-04:00,105,50,3194,32767,37.0
554,W034,35597,2025-06-09 13:11:47.213000-04:00,105,50,3318,32767,43.0
555,W034,35636,2025-06-09 13:11:47.252000-04:00,105,50,3478,32767,39.0
556,W034,35677,2025-06-09 13:11:47.293000-04:00,105,50,3582,32767,41.0
557,W034,35718,2025-06-09 13:11:47.334000-04:00,105,50,3510,32767,41.0
558,W034,35759,2025-06-09 13:11:47.375000-04:00,105,50,3374,32767,41.0
559,W034,35800,2025-06-09 13:11:47.416000-04:00,105,50,3354,32767,41.0
560,W034,35840,2025-06-09 13:11:47.456000-04:00,105,50,3422,32767,40.0
561,W034,35881,2025-06-09 13:11:47.497000-04:00,105,50,3370,32767,41.0
562,W034,35922,2025-06-09 13:11:47.538000-04:00,105,50,3326,31232,41.0
563,W034,35963,2025-06-09 13:11:47.579000-04:00,105,50,3310,23296,41.0
564,W034,36004,2025-06-09 13:11:47.620000-04:00,105,50,3294,16384,41.0
565,W034,36045,2025-06-09 13:11:47.661000-04:00,105,50,3294,14336,41.0
566,W034,36086,2025-06-09 13:11:47.702000-04:00,105,50,3262,4352,41.0
567,W034,36127,2025-06-09 13:11:47.743000-04:00,105,50,3230,-4352,41.0
568,W034,36167,2025-06-09 13:11:47.783000-04:00,105,50,3182,-15872,40.0
569,W034,36208,2025-06-09 13:11:47.824000-04:00,105,39,3114,-31232,41.0
570,W034,36249,2025-06-09 13:11:47.865000-04:00,105,39,3050,-32768,41.0
571,W034,36290,2025-06-09 13:11:47.906000-04:00,105,39,3006,-32768,41.0
572,W034,36331,2025-06-09 13:11:47.947000-04:00,105,39,3126,-12288,41.0
573,W034,36372,2025-06-09 13:11:47.988000-04:00,105,39,3286,30208,41.0
574,W034,36413,2025-06-09 13:11:48.029000-04:00,105,39,3454,32767,41.0
575,W034,36453,2025-06-09 13:11:48.069000-04:00,105,39,3702,32767,40.0
576,W034,36535,2025-06-09 13:11:48.151000-04:00,105,39,4062,32767,82.0
577,W034,36576,2025-06-09 13:11:48.192000-04:00,105,39,4214,32767,41.0
578,W034,36617,2025-06-09 13:11:48.233000-04:00,105,39,4350,32767,41.0
579,W034,36658,2025-06-09 13:11:48.274000-04:00,105,39,4414,32767,41.0
580,W034,36699,2025-06-09 13:11:48.315000-04:00,105,39,4462,32767,41.0
581,W034,36739,2025-06-09 13:11:48.355000-04:00,105,39,4502,32767,40.0
582,W034,36783,2025-06-09 13:11:48.399000-04:00,105,39,4510,32767,44.0
583,W034,36822,2025-06-09 13:11:48.438000-04:00,105,39,4310,32767,39.0
584,W034,36865,2025-06-09 13:11:48.481000-04:00,105,39,4222,32767,43.0
585,W034,36903,2025-06-09 13:11:48.519000-04:00,105,39,4190,32767,38.0
586,W034,36952,2025-06-09 13:11:48.568000-04:00,105,39,4206,32767,49.0
587,W034,37034,2025-06-09 13:11:48.650000-04:00,105,39,4286,32767,82.0
588,W034,37115,2025-06-09 13:11:48.731000-04:00,105,39,4246,29696,81.0
589,W034,37230,2025-06-09 13:11:48.846000-04:00,105,39,4350,32767,115.0
590,W034,37312,2025-06-09 13:11:48.928000-04:00,105,36,4414,32767,82.0
591,W034,37357,2025-06-09 13:11:48.973000-04:00,105,36,4414,32767,45.0
592,W034,37394,2025-06-09 13:11:49.010000-04:00,105,36,4398,32767,37.0
593,W034,37437,2025-06-09 13:11:49.053000-04:00,105,36,4394,32767,43.0
594,W034,37475,2025-06-09 13:11:49.091000-04:00,105,36,4494,32767,38.0
595,W034,37517,2025-06-09 13:11:49.133000-04:00,105,36,4606,32767,42.0
596,W034,37557,2025-06-09 13:11:49.173000-04:00,105,36,4766,32767,40.0
597,W034,37598,2025-06-09 13:11:49.214000-04:00,105,36,4862,32767,41.0
598,W034,37639,2025-06-09 13:11:49.255000-04:00,105,36,4926,32767,41.0
599,W034,37679,2025-06-09 13:11:49.295000-04:00,105,36,5038,32767,40.0
600,W034,37721,2025-06-09 13:11:49.337000-04:00,105,36,5182,32767,42.0
601,W034,37761,2025-06-09 13:11:49.377000-04:00,105,36,5206,32767,40.0
602,W034,37802,2025-06-09 13:11:49.418000-04:00,105,36,5118,32767,41.0
603,W034,37843,2025-06-09 13:11:49.459000-04:00,105,36,5054,32767,41.0
604,W034,37884,2025-06-09 13:11:49.500000-04:00,105,36,5110,32767,41.0
605,W034,37925,2025-06-09 13:11:49.541000-04:00,105,36,5118,32767,41.0
606,W034,37966,2025-06-09 13:11:49.582000-04:00,105,36,5054,32767,41.0
607,W034,38006,2025-06-09 13:11:49.622000-04:00,105,36,4926,7424,40.0
608,W034,38048,2025-06-09 13:11:49.664000-04:00,105,54,5038,32767,42.0
609,W034,38088,2025-06-09 13:11:49.704000-04:00,105,54,5070,32767,40.0
610,W034,38129,2025-06-09 13:11:49.745000-04:00,105,54,4950,3584,41.0
611,W034,38170,2025-06-09 13:11:49.786000-04:00,105,54,4790,-32768,41.0
612,W034,38211,2025-06-09 13:11:49.827000-04:00,105,54,4670,-32768,41.0
613,W034,38252,2025-06-09 13:11:49.868000-04:00,105,54,4558,-32768,41.0
614,W034,38293,2025-06-09 13:11:49.909000-04:00,105,54,4462,-32768,41.0
615,W034,38333,2025-06-09 13:11:49.949000-04:00,105,54,4382,-32768,40.0
616,W034,38374,2025-06-09 13:11:49.990000-04:00,105,54,4374,-32768,41.0
617,W034,38415,2025-06-09 13:11:50.031000-04:00,105,54,4394,-32768,41.0
618,W034,38456,2025-06-09 13:11:50.072000-04:00,105,54,4414,-32768,41.0
619,W034,38497,2025-06-09 13:11:50.113000-04:00,105,54,4398,-32768,41.0
620,W034,38538,2025-06-09 13:11:50.154000-04:00,105,54,4382,-32768,41.0
621,W034,38579,2025-06-09 13:11:50.195000-04:00,105,54,4462,-28160,41.0
622,W034,38620,2025-06-09 13:11:50.236000-04:00,105,54,4542,-4096,41.0
623,W034,38660,2025-06-09 13:11:50.276000-04:00,105,54,4542,-3584,40.0
624,W034,38704,2025-06-09 13:11:50.320000-04:00,105,54,4510,-11264,44.0
625,W034,38742,2025-06-09 13:11:50.358000-04:00,105,54,4446,-26112,38.0
626,W034,38786,2025-06-09 13:11:50.402000-04:00,105,54,4350,-32768,44.0
627,W034,38824,2025-06-09 13:11:50.440000-04:00,105,54,4478,-8448,38.0
628,W034,38906,2025-06-09 13:11:50.522000-04:00,105,54,4766,32767,82.0
629,W034,38954,2025-06-09 13:11:50.570000-04:00,105,54,4790,32767,48.0
630,W034,39036,2025-06-09 13:11:50.652000-04:00,105,54,4886,32767,82.0
631,W034,39151,2025-06-09 13:11:50.767000-04:00,107,63,4918,32767,115.0
632,W034,39196,2025-06-09 13:11:50.812000-04:00,107,63,4798,25600,45.0
633,W034,39233,2025-06-09 13:11:50.849000-04:00,107,63,4606,-26624,37.0
634,W034,39276,2025-06-09 13:11:50.892000-04:00,107,63,4590,-27392,43.0
635,W034,39315,2025-06-09 13:11:50.931000-04:00,107,63,4558,-32000,39.0
636,W034,39356,2025-06-09 13:11:50.972000-04:00,107,63,4446,-32768,41.0
637,W034,39396,2025-06-09 13:11:51.012000-04:00,107,63,4382,-32768,40.0
638,W034,39437,2025-06-09 13:11:51.053000-04:00,107,63,4334,-32768,41.0
639,W034,39478,2025-06-09 13:11:51.094000-04:00,107,63,4286,-32768,41.0
640,W034,39519,2025-06-09 13:11:51.135000-04:00,107,63,4206,-32768,41.0
641,W034,39560,2025-06-09 13:11:51.176000-04:00,107,63,4158,-32768,41.0
642,W034,39600,2025-06-09 13:11:51.216000-04:00,107,63,4246,-32768,40.0
643,W034,39641,2025-06-09 13:11:51.257000-04:00,107,63,4334,-23552,41.0
644,W034,39682,2025-06-09 13:11:51.298000-04:00,107,63,4446,8192,41.0
645,W034,39723,2025-06-09 13:11:51.339000-04:00,107,63,4542,31744,41.0
646,W034,39764,2025-06-09 13:11:51.380000-04:00,107,63,4670,32767,41.0
647,W034,39805,2025-06-09 13:11:51.421000-04:00,107,63,4670,32767,41.0
648,W034,39846,2025-06-09 13:11:51.462000-04:00,107,63,4630,32767,41.0
649,W034,39886,2025-06-09 13:11:51.502000-04:00,107,63,4542,9472,40.0
650,W034,39928,2025-06-09 13:11:51.544000-04:00,109,81,4470,-9984,42.0
651,W034,39968,2025-06-09 13:11:51.584000-04:00,109,81,4446,-14848,40.0
652,W034,40009,2025-06-09 13:11:51.625000-04:00,109,81,4446,-12800,41.0
653,W034,40050,2025-06-09 13:11:51.666000-04:00,109,81,4398,-23296,41.0
654,W034,40091,2025-06-09 13:11:51.707000-04:00,109,81,4398,-20224,41.0
655,W034,40132,2025-06-09 13:11:51.748000-04:00,109,81,4462,-1280,41.0
656,W034,40173,2025-06-09 13:11:51.789000-04:00,109,81,4494,7168,41.0
657,W034,40214,2025-06-09 13:11:51.830000-04:00,109,81,4446,-5888,41.0
658,W034,40254,2025-06-09 13:11:51.870000-04:00,109,81,4350,-29696,40.0
659,W034,40295,2025-06-09 13:11:51.911000-04:00,109,81,4430,-5376,41.0
660,W034,40336,2025-06-09 13:11:51.952000-04:00,109,81,4542,24064,41.0
661,W034,40377,2025-06-09 13:11:51.993000-04:00,109,81,4542,21248,41.0
662,W034,40418,2025-06-09 13:11:52.034000-04:00,109,81,4538,17664,41.0
663,W034,40459,2025-06-09 13:11:52.075000-04:00,109,81,4574,24832,41.0
664,W034,40500,2025-06-09 13:11:52.116000-04:00,109,81,4566,19712,41.0
665,W034,40543,2025-06-09 13:11:52.159000-04:00,109,81,4566,17408,43.0
666,W034,40581,2025-06-09 13:11:52.197000-04:00,109,81,4494,-3072,38.0
667,W034,40625,2025-06-09 13:11:52.241000-04:00,109,81,4438,-16896,44.0
668,W034,40663,2025-06-09 13:11:52.279000-04:00,109,81,4398,-24832,38.0
669,W034,40712,2025-06-09 13:11:52.328000-04:00,109,81,4382,-25600,49.0
670,W034,40793,2025-06-09 13:11:52.409000-04:00,109,81,4334,-30720,81.0
671,W034,40875,2025-06-09 13:11:52.491000-04:00,109,81,4158,-32768,82.0
672,W034,40990,2025-06-09 13:11:52.606000-04:00,107,52,4158,-32768,115.0
673,W034,41036,2025-06-09 13:11:52.652000-04:00,107,52,4206,-28928,46.0
674,W034,41072,2025-06-09 13:11:52.688000-04:00,107,52,4214,-23040,36.0
675,W034,41116,2025-06-09 13:11:52.732000-04:00,107,52,4222,-17920,44.0
676,W034,41154,2025-06-09 13:11:52.770000-04:00,107,52,4222,-15616,38.0
677,W034,41196,2025-06-09 13:11:52.812000-04:00,107,52,4222,-13568,42.0
678,W034,41235,2025-06-09 13:11:52.851000-04:00,107,52,4314,11776,39.0
679,W034,41276,2025-06-09 13:11:52.892000-04:00,107,52,4382,27904,41.0
680,W034,41317,2025-06-09 13:11:52.933000-04:00,107,52,4398,28672,41.0
681,W034,41358,2025-06-09 13:11:52.974000-04:00,107,52,4350,12800,41.0
682,W034,41399,2025-06-09 13:11:53.015000-04:00,107,52,4318,3072,41.0
683,W034,41440,2025-06-09 13:11:53.056000-04:00,107,52,4334,6912,41.0
684,W034,41480,2025-06-09 13:11:53.096000-04:00,107,52,4438,32767,40.0
685,W034,41521,2025-06-09 13:11:53.137000-04:00,107,52,4414,22528,41.0
686,W034,41562,2025-06-09 13:11:53.178000-04:00,107,52,4446,27904,41.0
687,W034,41603,2025-06-09 13:11:53.219000-04:00,107,52,4478,32767,41.0
688,W034,41644,2025-06-09 13:11:53.260000-04:00,107,52,4478,28672,41.0
689,W034,41726,2025-06-09 13:11:53.342000-04:00,107,52,4414,8704,82.0
690,W034,41767,2025-06-09 13:11:53.383000-04:00,107,52,4374,-2560,41.0
691,W034,41807,2025-06-09 13:11:53.423000-04:00,107,52,4318,-16384,40.0
692,W034,41848,2025-06-09 13:11:53.464000-04:00,107,52,4318,-14336,41.0
693,W034,41890,2025-06-09 13:11:53.506000-04:00,107,55,4334,-8448,42.0
694,W034,41930,2025-06-09 13:11:53.546000-04:00,107,55,4366,1024,40.0
695,W034,41971,2025-06-09 13:11:53.587000-04:00,107,55,4478,29696,41.0
696,W034,42012,2025-06-09 13:11:53.628000-04:00,107,55,4638,32767,41.0
697,W034,42053,2025-06-09 13:11:53.669000-04:00,107,55,4782,32767,41.0
698,W034,42094,2025-06-09 13:11:53.710000-04:00,107,55,4958,32767,41.0
699,W034,42135,2025-06-09 13:11:53.751000-04:00,107,55,5166,32767,41.0
700,W034,42175,2025-06-09 13:11:53.791000-04:00,107,55,5326,32767,40.0
701,W034,42216,2025-06-09 13:11:53.832000-04:00,107,55,5438,32767,41.0
702,W034,42257,2025-06-09 13:11:53.873000-04:00,107,55,5550,32767,41.0
703,W034,42298,2025-06-09 13:11:53.914000-04:00,107,55,5630,32767,41.0
704,W034,42339,2025-06-09 13:11:53.955000-04:00,107,55,5718,32767,41.0
705,W034,42382,2025-06-09 13:11:53.998000-04:00,107,55,5758,32767,43.0
706,W034,42420,2025-06-09 13:11:54.036000-04:00,107,55,5758,32767,38.0
707,W034,42464,2025-06-09 13:11:54.080000-04:00,107,55,5758,32767,44.0
708,W034,42502,2025-06-09 13:11:54.118000-04:00,107,55,5758,32767,38.0
709,W034,42552,2025-06-09 13:11:54.168000-04:00,107,55,5718,32767,50.0
710,W034,42633,2025-06-09 13:11:54.249000-04:00,107,55,5790,32767,81.0
711,W034,42714,2025-06-09 13:11:54.330000-04:00,107,55,5726,32767,81.0
712,W034,42829,2025-06-09 13:11:54.445000-04:00,107,46,6014,32767,115.0
713,W034,42911,2025-06-09 13:11:54.527000-04:00,107,46,6230,32767,82.0
714,W034,42956,2025-06-09 13:11:54.572000-04:00,107,46,6302,32767,45.0
715,W034,42993,2025-06-09 13:11:54.609000-04:00,107,46,6382,32767,37.0
716,W034,43037,2025-06-09 13:11:54.653000-04:00,107,46,6398,32767,44.0
717,W034,43074,2025-06-09 13:11:54.690000-04:00,107,46,6430,32767,37.0
718,W034,43116,2025-06-09 13:11:54.732000-04:00,107,46,6510,32767,42.0
719,W034,43156,2025-06-09 13:11:54.772000-04:00,107,46,6558,32767,40.0
720,W034,43197,2025-06-09 13:11:54.813000-04:00,107,46,6574,32767,41.0
721,W034,43238,2025-06-09 13:11:54.854000-04:00,107,46,6590,32767,41.0
722,W034,43279,2025-06-09 13:11:54.895000-04:00,107,46,6590,32767,41.0
723,W034,43320,2025-06-09 13:11:54.936000-04:00,107,46,6494,32767,41.0
724,W034,43361,2025-06-09 13:11:54.977000-04:00,107,46,6382,22528,41.0
725,W034,43401,2025-06-09 13:11:55.017000-04:00,107,46,6350,11520,40.0
726,W034,43442,2025-06-09 13:11:55.058000-04:00,107,46,6334,6144,41.0
727,W034,43483,2025-06-09 13:11:55.099000-04:00,107,46,6238,-19200,41.0
728,W034,43524,2025-06-09 13:11:55.140000-04:00,107,46,6190,-28928,41.0
729,W034,43565,2025-06-09 13:11:55.181000-04:00,107,46,6222,-16896,41.0
730,W034,43606,2025-06-09 13:11:55.222000-04:00,107,46,6262,-4352,41.0
731,W034,43646,2025-06-09 13:11:55.262000-04:00,107,46,6302,6656,40.0
732,W034,43688,2025-06-09 13:11:55.304000-04:00,109,69,6366,22272,42.0
733,W034,43728,2025-06-09 13:11:55.344000-04:00,109,69,6494,32767,40.0
734,W034,43769,2025-06-09 13:11:55.385000-04:00,109,69,6702,32767,41.0
735,W034,43810,2025-06-09 13:11:55.426000-04:00,109,69,6766,32767,41.0
736,W034,43851,2025-06-09 13:11:55.467000-04:00,109,69,6734,32767,41.0
737,W034,43892,2025-06-09 13:11:55.508000-04:00,109,69,6742,32767,41.0
738,W034,43933,2025-06-09 13:11:55.549000-04:00,109,69,6766,32767,41.0
739,W034,43973,2025-06-09 13:11:55.589000-04:00,109,69,6750,32767,40.0
740,W034,44014,2025-06-09 13:11:55.630000-04:00,109,69,6718,32767,41.0
741,W034,44055,2025-06-09 13:11:55.671000-04:00,109,69,6718,32767,41.0
742,W034,44096,2025-06-09 13:11:55.712000-04:00,109,69,6782,32767,41.0
743,W034,44137,2025-06-09 13:11:55.753000-04:00,109,69,6750,32767,41.0
744,W034,44178,2025-06-09 13:11:55.794000-04:00,109,69,6718,22528,41.0
745,W034,44219,2025-06-09 13:11:55.835000-04:00,109,69,6710,17664,41.0
746,W034,44260,2025-06-09 13:11:55.876000-04:00,109,69,6654,1280,41.0
747,W034,44303,2025-06-09 13:11:55.919000-04:00,109,69,6590,-15104,43.0
748,W034,44341,2025-06-09 13:11:55.957000-04:00,109,69,6510,-32768,38.0
749,W034,44385,2025-06-09 13:11:56.001000-04:00,109,69,6526,-25088,44.0
750,W034,44423,2025-06-09 13:11:56.039000-04:00,109,69,6574,-9472,38.0
751,W034,44472,2025-06-09 13:11:56.088000-04:00,109,69,6654,12288,49.0
752,W034,44553,2025-06-09 13:11:56.169000-04:00,109,69,6894,32767,81.0
753,W034,44635,2025-06-09 13:11:56.251000-04:00,109,69,7006,32767,82.0
754,W034,44709,2025-06-09 13:11:56.325000-04:00,110,71,6974,32767,74.0
755,W034,44750,2025-06-09 13:11:56.366000-04:00,110,71,6942,32767,41.0
756,W034,44796,2025-06-09 13:11:56.412000-04:00,110,71,6958,32767,46.0
757,W034,44832,2025-06-09 13:11:56.448000-04:00,110,71,7126,32767,36.0
758,W034,44876,2025-06-09 13:11:56.492000-04:00,110,71,7166,32767,44.0
759,W034,44913,2025-06-09 13:11:56.529000-04:00,110,71,7166,32767,37.0
760,W034,44956,2025-06-09 13:11:56.572000-04:00,110,71,7214,32767,43.0
761,W034,44996,2025-06-09 13:11:56.612000-04:00,110,71,7262,32767,40.0
762,W034,45036,2025-06-09 13:11:56.652000-04:00,110,71,7294,32767,40.0
763,W034,45077,2025-06-09 13:11:56.693000-04:00,110,71,7326,32767,41.0
764,W034,45118,2025-06-09 13:11:56.734000-04:00,110,71,7326,32767,41.0
765,W034,45159,2025-06-09 13:11:56.775000-04:00,110,71,7230,30976,41.0
766,W034,45199,2025-06-09 13:11:56.815000-04:00,110,71,7166,10752,40.0
767,W034,45240,2025-06-09 13:11:56.856000-04:00,110,71,7150,5376,41.0
768,W034,45281,2025-06-09 13:11:56.897000-04:00,110,71,7166,8960,41.0
769,W034,45322,2025-06-09 13:11:56.938000-04:00,110,71,7166,7936,41.0
770,W034,45363,2025-06-09 13:11:56.979000-04:00,110,71,7150,3072,41.0
771,W034,45404,2025-06-09 13:11:57.020000-04:00,110,71,7102,-9472,41.0
772,W034,45445,2025-06-09 13:11:57.061000-04:00,110,71,7038,-24576,41.0
773,W034,45486,2025-06-09 13:11:57.102000-04:00,110,71,6942,-32768,41.0
774,W034,45526,2025-06-09 13:11:57.142000-04:00,110,71,6838,-32768,40.0
775,W034,45567,2025-06-09 13:11:57.183000-04:00,110,71,6718,-32768,41.0
776,W034,45608,2025-06-09 13:11:57.224000-04:00,110,71,6718,-32768,41.0
777,W034,45649,2025-06-09 13:11:57.265000-04:00,110,32,6718,-32768,41.0
778,W034,45690,2025-06-09 13:11:57.306000-04:00,110,32,6742,-32768,41.0
779,W034,45731,2025-06-09 13:11:57.347000-04:00,110,32,6750,-32768,41.0
780,W034,45772,2025-06-09 13:11:57.388000-04:00,110,32,6750,-32768,41.0
781,W034,45813,2025-06-09 13:11:57.429000-04:00,110,32,6782,-25856,41.0
782,W034,45854,2025-06-09 13:11:57.470000-04:00,110,32,6782,-22528,41.0
783,W034,45894,2025-06-09 13:11:57.510000-04:00,110,32,6742,-29952,40.0
784,W034,45935,2025-06-09 13:11:57.551000-04:00,110,32,6734,-28160,41.0
785,W034,45976,2025-06-09 13:11:57.592000-04:00,110,32,6622,-32768,41.0
786,W034,46017,2025-06-09 13:11:57.633000-04:00,110,32,6830,6656,41.0
787,W034,46058,2025-06-09 13:11:57.674000-04:00,110,32,6942,32767,41.0
788,W034,46098,2025-06-09 13:11:57.714000-04:00,110,32,7102,32767,40.0
789,W034,46142,2025-06-09 13:11:57.758000-04:00,110,32,7294,32767,44.0
790,W034,46181,2025-06-09 13:11:57.797000-04:00,110,32,7502,32767,39.0
791,W034,46225,2025-06-09 13:11:57.841000-04:00,110,32,7614,32767,44.0
792,W034,46262,2025-06-09 13:11:57.878000-04:00,110,32,7550,32767,37.0
793,W034,46311,2025-06-09 13:11:57.927000-04:00,110,32,7486,32767,49.0
794,W034,46393,2025-06-09 13:11:58.009000-04:00,110,32,7406,32767,82.0
795,W034,46474,2025-06-09 13:11:58.090000-04:00,110,32,7142,-24576,81.0
796,W034,46589,2025-06-09 13:11:58.205000-04:00,110,32,6478,-32768,115.0
797,W034,46635,2025-06-09 13:11:58.251000-04:00,110,32,6226,-32768,46.0
798,W034,46671,2025-06-09 13:11:58.287000-04:00,110,54,5926,-32768,36.0
799,W034,46715,2025-06-09 13:11:58.331000-04:00,110,54,5462,-32768,44.0
800,W034,46753,2025-06-09 13:11:58.369000-04:00,110,54,5250,-32768,38.0
801,W034,46795,2025-06-09 13:11:58.411000-04:00,110,54,5126,-32768,42.0
802,W034,46834,2025-06-09 13:11:58.450000-04:00,110,54,4974,-32768,39.0
803,W034,46875,2025-06-09 13:11:58.491000-04:00,110,54,4758,-32768,41.0
804,W034,46916,2025-06-09 13:11:58.532000-04:00,110,54,4658,-32768,41.0
805,W034,46957,2025-06-09 13:11:58.573000-04:00,110,54,4742,-32768,41.0
806,W034,46998,2025-06-09 13:11:58.614000-04:00,110,54,4854,-32768,41.0
807,W034,47039,2025-06-09 13:11:58.655000-04:00,110,54,4918,-32768,41.0
808,W034,47080,2025-06-09 13:11:58.696000-04:00,110,54,4946,-32768,41.0
809,W034,47120,2025-06-09 13:11:58.736000-04:00,110,54,5006,-32768,40.0
810,W034,47161,2025-06-09 13:11:58.777000-04:00,110,54,5142,-32768,41.0
811,W034,47202,2025-06-09 13:11:58.818000-04:00,110,54,5358,3328,41.0
812,W034,47243,2025-06-09 13:11:58.859000-04:00,110,54,5430,21504,41.0
813,W034,47284,2025-06-09 13:11:58.900000-04:00,110,54,5414,14848,41.0
814,W034,47325,2025-06-09 13:11:58.941000-04:00,110,54,5170,-32768,41.0
815,W034,47365,2025-06-09 13:11:58.981000-04:00,110,54,5046,-32768,40.0
816,W034,47406,2025-06-09 13:11:59.022000-04:00,110,54,4930,-32768,41.0
817,W034,47448,2025-06-09 13:11:59.064000-04:00,110,54,4802,-32768,42.0
818,W034,47488,2025-06-09 13:11:59.104000-04:00,110,54,4630,-32768,40.0
819,W034,47529,2025-06-09 13:11:59.145000-04:00,110,54,4418,-32768,41.0
820,W034,47570,2025-06-09 13:11:59.186000-04:00,110,20,4174,-32768,41.0
821,W034,47611,2025-06-09 13:11:59.227000-04:00,110,20,3926,-32768,41.0
822,W034,47652,2025-06-09 13:11:59.268000-04:00,110,20,3790,-32768,41.0
823,W034,47692,2025-06-09 13:11:59.308000-04:00,110,20,3694,-32768,40.0
824,W034,47733,2025-06-09 13:11:59.349000-04:00,110,20,3622,-32768,41.0
825,W034,47774,2025-06-09 13:11:59.390000-04:00,110,20,3558,-32768,41.0
826,W034,47815,2025-06-09 13:11:59.431000-04:00,110,20,3470,-32768,41.0
827,W034,47856,2025-06-09 13:11:59.472000-04:00,110,20,3398,-32768,41.0
828,W034,47897,2025-06-09 13:11:59.513000-04:00,110,20,3318,-32768,41.0
829,W034,47938,2025-06-09 13:11:59.554000-04:00,110,20,3186,-32768,41.0
830,W034,47981,2025-06-09 13:11:59.597000-04:00,110,20,3022,-32768,43.0
831,W034,48019,2025-06-09 13:11:59.635000-04:00,110,20,3010,-32768,38.0
832,W034,48063,2025-06-09 13:11:59.679000-04:00,110,20,2902,-32768,44.0
833,W034,48101,2025-06-09 13:11:59.717000-04:00,110,20,2518,-32768,38.0
834,W034,48150,2025-06-09 13:11:59.766000-04:00,110,20,1962,-32768,49.0
835,W034,48233,2025-06-09 13:11:59.849000-04:00,110,20,798,-32768,83.0
836,W034,48314,2025-06-09 13:11:59.930000-04:00,110,20,926,-32768,81.0
837,W034,48478,2025-06-09 13:12:00.094000-04:00,110,20,894,-32768,164.0
838,W034,48555,2025-06-09 13:12:00.171000-04:00,110,20,838,-32768,77.0
839,W034,48592,2025-06-09 13:12:00.208000-04:00,110,20,1078,-32768,37.0
840,W034,48635,2025-06-09 13:12:00.251000-04:00,111,29,1470,-32768,43.0
841,W034,48674,2025-06-09 13:12:00.290000-04:00,111,29,1686,14592,39.0
842,W034,48715,2025-06-09 13:12:00.331000-04:00,111,29,1830,32767,41.0
843,W034,48755,2025-06-09 13:12:00.371000-04:00,111,29,1702,10752,40.0
844,W034,48837,2025-06-09 13:12:00.453000-04:00,111,29,2022,32767,82.0
845,W034,48878,2025-06-09 13:12:00.494000-04:00,111,29,2002,32767,41.0
846,W034,48919,2025-06-09 13:12:00.535000-04:00,111,29,2278,32767,41.0
847,W034,48959,2025-06-09 13:12:00.575000-04:00,111,29,2322,32767,40.0
848,W034,49000,2025-06-09 13:12:00.616000-04:00,111,29,2366,32767,41.0
849,W034,49041,2025-06-09 13:12:00.657000-04:00,111,29,2342,32767,41.0
850,W034,49082,2025-06-09 13:12:00.698000-04:00,111,29,2470,32767,41.0
851,W034,49124,2025-06-09 13:12:00.740000-04:00,111,29,2726,32767,42.0
852,W034,49164,2025-06-09 13:12:00.780000-04:00,111,29,2662,32767,40.0
853,W034,49205,2025-06-09 13:12:00.821000-04:00,111,29,2662,32767,41.0
854,W034,49246,2025-06-09 13:12:00.862000-04:00,111,29,2758,32767,41.0
855,W034,49286,2025-06-09 13:12:00.902000-04:00,111,29,2774,32767,40.0
856,W034,49327,2025-06-09 13:12:00.943000-04:00,111,29,2950,32767,41.0
857,W034,49371,2025-06-09 13:12:00.987000-04:00,111,29,3110,32767,44.0
858,W034,49409,2025-06-09 13:12:01.025000-04:00,111,1,3558,32767,38.0
859,W034,49450,2025-06-09 13:12:01.066000-04:00,111,1,3750,32767,41.0
860,W034,49491,2025-06-09 13:12:01.107000-04:00,111,1,4054,32767,41.0
861,W034,49532,2025-06-09 13:12:01.148000-04:00,111,1,4198,32767,41.0
862,W034,49573,2025-06-09 13:12:01.189000-04:00,111,1,4374,32767,41.0
863,W034,49613,2025-06-09 13:12:01.229000-04:00,111,1,4562,32767,40.0
864,W034,49654,2025-06-09 13:12:01.270000-04:00,111,1,4582,32767,41.0
865,W034,49695,2025-06-09 13:12:01.311000-04:00,111,1,4510,32767,41.0
866,W034,49736,2025-06-09 13:12:01.352000-04:00,111,1,4718,32767,41.0
867,W034,49777,2025-06-09 13:12:01.393000-04:00,111,1,4734,32767,41.0
868,W034,49818,2025-06-09 13:12:01.434000-04:00,111,1,4590,32767,41.0
869,W034,49859,2025-06-09 13:12:01.475000-04:00,111,1,4542,32767,41.0
870,W034,49903,2025-06-09 13:12:01.519000-04:00,111,1,4734,32767,44.0
871,W034,49940,2025-06-09 13:12:01.556000-04:00,111,1,4798,32767,37.0
872,W034,49984,2025-06-09 13:12:01.600000-04:00,111,1,4822,32767,44.0
873,W034,50022,2025-06-09 13:12:01.638000-04:00,111,1,4790,32767,38.0
874,W034,50071,2025-06-09 13:12:01.687000-04:00,111,1,4718,32767,49.0
875,W034,50153,2025-06-09 13:12:01.769000-04:00,111,1,4830,32767,82.0
876,W034,50234,2025-06-09 13:12:01.850000-04:00,111,1,4990,32767,81.0
877,W034,50349,2025-06-09 13:12:01.965000-04:00,111,1,5054,32767,115.0
878,W034,50395,2025-06-09 13:12:02.011000-04:00,111,1,4958,32767,46.0
879,W034,50431,2025-06-09 13:12:02.047000-04:00,111,11,4990,32767,36.0
880,W034,50475,2025-06-09 13:12:02.091000-04:00,111,11,5038,32767,44.0
881,W034,50512,2025-06-09 13:12:02.128000-04:00,111,11,5118,32767,37.0
882,W034,50555,2025-06-09 13:12:02.171000-04:00,111,11,5214,32767,43.0
883,W034,50594,2025-06-09 13:12:02.210000-04:00,111,11,5230,32767,39.0
884,W034,50635,2025-06-09 13:12:02.251000-04:00,111,11,5182,32767,41.0
885,W034,50676,2025-06-09 13:12:02.292000-04:00,111,11,5262,32767,41.0
886,W034,50717,2025-06-09 13:12:02.333000-04:00,111,11,5118,32000,41.0
887,W034,50758,2025-06-09 13:12:02.374000-04:00,111,11,4990,-4608,41.0
888,W034,50799,2025-06-09 13:12:02.415000-04:00,111,11,5150,32767,41.0
889,W034,50839,2025-06-09 13:12:02.455000-04:00,111,11,5182,32767,40.0
890,W034,50880,2025-06-09 13:12:02.496000-04:00,111,11,5102,15360,41.0
891,W034,50921,2025-06-09 13:12:02.537000-04:00,111,11,5054,1280,41.0
892,W034,50962,2025-06-09 13:12:02.578000-04:00,111,11,4990,-15104,41.0
893,W034,51003,2025-06-09 13:12:02.619000-04:00,111,11,5246,32767,41.0
894,W034,51044,2025-06-09 13:12:02.660000-04:00,111,11,5334,32767,41.0
895,W034,51085,2025-06-09 13:12:02.701000-04:00,111,11,5526,32767,41.0
896,W034,51125,2025-06-09 13:12:02.741000-04:00,111,11,5550,32767,40.0
897,W034,51166,2025-06-09 13:12:02.782000-04:00,111,11,5550,32767,41.0
898,W034,51207,2025-06-09 13:12:02.823000-04:00,111,11,5630,32767,41.0
899,W034,51248,2025-06-09 13:12:02.864000-04:00,111,11,5614,32767,41.0
900,W034,51289,2025-06-09 13:12:02.905000-04:00,111,11,5486,32767,41.0
901,W034,51330,2025-06-09 13:12:02.946000-04:00,113,9,5566,32767,41.0
902,W034,51371,2025-06-09 13:12:02.987000-04:00,113,9,5614,32767,41.0
903,W034,51412,2025-06-09 13:12:03.028000-04:00,113,9,5566,32767,41.0
904,W034,51452,2025-06-09 13:12:03.068000-04:00,113,9,5566,32767,40.0
905,W034,51494,2025-06-09 13:12:03.110000-04:00,113,9,5614,32767,42.0
906,W034,51535,2025-06-09 13:12:03.151000-04:00,113,9,5726,32767,41.0
907,W034,51575,2025-06-09 13:12:03.191000-04:00,113,9,5690,32767,40.0
908,W034,51616,2025-06-09 13:12:03.232000-04:00,113,9,5742,32767,41.0
909,W034,51657,2025-06-09 13:12:03.273000-04:00,113,9,5758,32767,41.0
910,W034,51698,2025-06-09 13:12:03.314000-04:00,113,9,5726,32767,41.0
911,W034,51741,2025-06-09 13:12:03.357000-04:00,113,9,5726,32767,43.0
912,W034,51779,2025-06-09 13:12:03.395000-04:00,113,9,5758,32767,38.0
913,W034,51823,2025-06-09 13:12:03.439000-04:00,113,9,5630,1024,44.0
914,W034,51861,2025-06-09 13:12:03.477000-04:00,113,9,5630,1024,38.0
915,W034,51910,2025-06-09 13:12:03.526000-04:00,113,9,5758,32767,49.0
916,W034,51991,2025-06-09 13:12:03.607000-04:00,113,9,5758,24320,81.0
917,W034,52073,2025-06-09 13:12:03.689000-04:00,113,9,5854,32767,82.0
918,W034,52188,2025-06-09 13:12:03.804000-04:00,113,9,6014,32767,115.0
919,W034,52234,2025-06-09 13:12:03.850000-04:00,113,9,6014,32767,46.0
920,W034,52270,2025-06-09 13:12:03.886000-04:00,113,9,6014,32767,36.0
921,W034,52315,2025-06-09 13:12:03.931000-04:00,113,9,5998,32767,45.0
922,W034,52352,2025-06-09 13:12:03.968000-04:00,113,7,5934,24064,37.0
923,W034,52395,2025-06-09 13:12:04.011000-04:00,113,7,5678,-32768,43.0
924,W034,52433,2025-06-09 13:12:04.049000-04:00,113,7,5614,-32768,38.0
925,W034,52474,2025-06-09 13:12:04.090000-04:00,113,7,5566,-32768,41.0
926,W034,52515,2025-06-09 13:12:04.131000-04:00,113,7,5502,-32768,41.0
927,W034,52556,2025-06-09 13:12:04.172000-04:00,113,7,5454,-32768,41.0
928,W034,52597,2025-06-09 13:12:04.213000-04:00,113,7,5454,-32768,41.0
929,W034,52638,2025-06-09 13:12:04.254000-04:00,113,7,5598,-18688,41.0
930,W034,52679,2025-06-09 13:12:04.295000-04:00,113,7,5750,22784,41.0
931,W034,52720,2025-06-09 13:12:04.336000-04:00,113,7,5918,32767,41.0
932,W034,52760,2025-06-09 13:12:04.376000-04:00,113,7,5966,32767,40.0
933,W034,52801,2025-06-09 13:12:04.417000-04:00,113,7,5950,32767,41.0
934,W034,52842,2025-06-09 13:12:04.458000-04:00,113,7,5950,32767,41.0
935,W034,52883,2025-06-09 13:12:04.499000-04:00,113,7,6038,32767,41.0
936,W034,52924,2025-06-09 13:12:04.540000-04:00,113,7,5998,32767,41.0
937,W034,52965,2025-06-09 13:12:04.581000-04:00,113,7,5854,4352,41.0
938,W034,53006,2025-06-09 13:12:04.622000-04:00,113,7,5742,-24832,41.0
939,W034,53047,2025-06-09 13:12:04.663000-04:00,113,7,5726,-25600,41.0
940,W034,53087,2025-06-09 13:12:04.703000-04:00,113,7,5630,-32768,40.0
941,W034,53128,2025-06-09 13:12:04.744000-04:00,113,7,5534,-32768,41.0
942,W034,53170,2025-06-09 13:12:04.786000-04:00,113,7,5406,-32768,42.0
943,W034,53210,2025-06-09 13:12:04.826000-04:00,113,7,5374,-32768,40.0
944,W034,53251,2025-06-09 13:12:04.867000-04:00,112,89,5422,-32768,41.0
945,W034,53292,2025-06-09 13:12:04.908000-04:00,112,89,5374,-32768,41.0
946,W034,53333,2025-06-09 13:12:04.949000-04:00,112,89,5470,-32768,41.0
947,W034,53373,2025-06-09 13:12:04.989000-04:00,112,89,5470,-30208,40.0
948,W034,53415,2025-06-09 13:12:05.031000-04:00,112,89,5438,-32768,42.0
949,W034,53455,2025-06-09 13:12:05.071000-04:00,112,89,5462,-24064,40.0
950,W034,53496,2025-06-09 13:12:05.112000-04:00,112,89,5374,-32768,41.0
951,W034,53537,2025-06-09 13:12:05.153000-04:00,112,89,5230,-32768,41.0
952,W034,53580,2025-06-09 13:12:05.196000-04:00,112,89,5182,-32768,43.0
953,W034,53619,2025-06-09 13:12:05.235000-04:00,112,89,5150,-32768,39.0
954,W034,53662,2025-06-09 13:12:05.278000-04:00,112,89,5046,-32768,43.0
955,W034,53700,2025-06-09 13:12:05.316000-04:00,112,89,4910,-32768,38.0
956,W034,53749,2025-06-09 13:12:05.365000-04:00,112,89,4958,-32768,49.0
957,W034,53831,2025-06-09 13:12:05.447000-04:00,112,89,4990,-32768,82.0
958,W034,53913,2025-06-09 13:12:05.529000-04:00,112,89,5070,-28416,82.0
959,W034,54028,2025-06-09 13:12:05.644000-04:00,112,89,4734,-32768,115.0
960,W034,54109,2025-06-09 13:12:05.725000-04:00,112,89,4350,-32768,81.0
961,W034,54154,2025-06-09 13:12:05.770000-04:00,112,89,4254,-32768,45.0
962,W034,54191,2025-06-09 13:12:05.807000-04:00,112,89,4126,-32768,37.0
963,W034,54235,2025-06-09 13:12:05.851000-04:00,112,6,4054,-32768,44.0
964,W034,54273,2025-06-09 13:12:05.889000-04:00,112,6,4046,-32768,38.0
965,W034,54314,2025-06-09 13:12:05.930000-04:00,112,6,4094,-32768,41.0
966,W034,54354,2025-06-09 13:12:05.970000-04:00,112,6,4182,-32768,40.0
967,W034,54395,2025-06-09 13:12:06.011000-04:00,112,6,4350,-32768,41.0
968,W034,54436,2025-06-09 13:12:06.052000-04:00,112,6,4478,-3584,41.0
969,W034,54477,2025-06-09 13:12:06.093000-04:00,112,6,4510,5120,41.0
970,W034,54518,2025-06-09 13:12:06.134000-04:00,112,6,4446,-11776,41.0
971,W034,54559,2025-06-09 13:12:06.175000-04:00,112,6,4334,-32768,41.0
972,W034,54600,2025-06-09 13:12:06.216000-04:00,112,6,4214,-32768,41.0
973,W034,54641,2025-06-09 13:12:06.257000-04:00,112,6,3950,-32768,41.0
974,W034,54681,2025-06-09 13:12:06.297000-04:00,112,6,3958,-32768,40.0
975,W034,54722,2025-06-09 13:12:06.338000-04:00,112,6,3982,-32768,41.0
976,W034,54763,2025-06-09 13:12:06.379000-04:00,112,6,3838,-32768,41.0
977,W034,54804,2025-06-09 13:12:06.420000-04:00,112,6,3726,-32768,41.0
978,W034,54845,2025-06-09 13:12:06.461000-04:00,112,6,3638,-32768,41.0
979,W034,54886,2025-06-09 13:12:06.502000-04:00,112,6,3562,-32768,41.0
980,W034,54927,2025-06-09 13:12:06.543000-04:00,112,6,3518,-32768,41.0
981,W034,54967,2025-06-09 13:12:06.583000-04:00,112,6,3838,-32000,40.0
982,W034,55008,2025-06-09 13:12:06.624000-04:00,112,6,3838,-27904,41.0
983,W034,55049,2025-06-09 13:12:06.665000-04:00,112,6,3790,-32768,41.0
984,W034,55090,2025-06-09 13:12:06.706000-04:00,112,6,3806,-27904,41.0
985,W034,55131,2025-06-09 13:12:06.747000-04:00,112,0,3958,14592,41.0
986,W034,55172,2025-06-09 13:12:06.788000-04:00,112,0,4078,32767,41.0
987,W034,55213,2025-06-09 13:12:06.829000-04:00,112,0,4014,21760,41.0
988,W034,55253,2025-06-09 13:12:06.869000-04:00,112,0,3774,-32768,40.0
989,W034,55294,2025-06-09 13:12:06.910000-04:00,112,0,3662,-32768,41.0
990,W034,55335,2025-06-09 13:12:06.951000-04:00,112,0,3582,-32768,41.0
991,W034,55376,2025-06-09 13:12:06.992000-04:00,112,0,3518,-32768,41.0
992,W034,55417,2025-06-09 13:12:07.033000-04:00,112,0,3478,-32768,41.0
993,W034,55458,2025-06-09 13:12:07.074000-04:00,112,0,3478,-32768,41.0
994,W034,55501,2025-06-09 13:12:07.117000-04:00,112,0,3566,-32768,43.0
995,W034,55540,2025-06-09 13:12:07.156000-04:00,112,0,3614,-24064,39.0
996,W034,55583,2025-06-09 13:12:07.199000-04:00,112,0,3646,-12800,43.0
997,W034,55622,2025-06-09 13:12:07.238000-04:00,112,0,3678,-2816,39.0
998,W034,55670,2025-06-09 13:12:07.286000-04:00,112,0,3646,-10496,48.0
999,W034,55752,2025-06-09 13:12:07.368000-04:00,112,0,3614,-14848,82.0
1000,W034,55833,2025-06-09 13:12:07.449000-04:00,112,0,3582,-18176,81.0
1001,W034,55948,2025-06-09 13:12:07.564000-04:00,112,0,4094,32767,115.0
1002,W034,55994,2025-06-09 13:12:07.610000-04:00,112,0,3934,32767,46.0
1003,W034,56030,2025-06-09 13:12:07.646000-04:00,112,0,3926,32767,36.0
1004,W034,56074,2025-06-09 13:12:07.690000-04:00,110,95,4094,32767,44.0
1005,W034,56112,2025-06-09 13:12:07.728000-04:00,110,95,3662,-32768,38.0
1006,W034,56154,2025-06-09 13:12:07.770000-04:00,110,95,3990,32767,42.0
1007,W034,56193,2025-06-09 13:12:07.809000-04:00,110,95,4012,32767,39.0
1008,W034,56234,2025-06-09 13:12:07.850000-04:00,110,95,3934,24320,41.0
1009,W034,56275,2025-06-09 13:12:07.891000-04:00,110,95,4062,32767,41.0
1010,W034,56316,2025-06-09 13:12:07.932000-04:00,110,95,4086,32767,41.0
1011,W034,56357,2025-06-09 13:12:07.973000-04:00,110,95,3414,-32768,41.0
1012,W034,56398,2025-06-09 13:12:08.014000-04:00,110,95,3158,-32768,41.0
1013,W034,56439,2025-06-09 13:12:08.055000-04:00,110,95,3358,-32768,41.0
1014,W034,56479,2025-06-09 13:12:08.095000-04:00,110,95,3242,-32768,40.0
1015,W034,56520,2025-06-09 13:12:08.136000-04:00,110,95,3574,-18688,41.0
1016,W034,56561,2025-06-09 13:12:08.177000-04:00,110,95,3726,22784,41.0
1017,W034,56602,2025-06-09 13:12:08.218000-04:00,110,95,3702,13824,41.0
1018,W034,56643,2025-06-09 13:12:08.259000-04:00,110,95,3534,-30720,41.0
1019,W034,56684,2025-06-09 13:12:08.300000-04:00,110,95,3350,-32768,41.0
1020,W034,56725,2025-06-09 13:12:08.341000-04:00,110,95,3502,-25600,41.0
1021,W034,56766,2025-06-09 13:12:08.382000-04:00,110,95,3758,32767,41.0
1022,W034,56807,2025-06-09 13:12:08.423000-04:00,110,95,2686,-32768,41.0
1023,W034,56847,2025-06-09 13:12:08.463000-04:00,110,95,2670,-32768,40.0
1024,W034,56888,2025-06-09 13:12:08.504000-04:00,110,95,2926,-32768,41.0
1025,W034,56929,2025-06-09 13:12:08.545000-04:00,110,95,2762,-32768,41.0
1026,W034,56970,2025-06-09 13:12:08.586000-04:00,110,95,2606,-32768,41.0
1027,W034,57011,2025-06-09 13:12:08.627000-04:00,110,95,2414,-32768,41.0
1028,W034,57052,2025-06-09 13:12:08.668000-04:00,109,92,2270,-32768,41.0
1029,W034,57093,2025-06-09 13:12:08.709000-04:00,109,92,2598,-32768,41.0
1030,W034,57134,2025-06-09 13:12:08.750000-04:00,109,92,2542,-32768,41.0
1031,W034,57174,2025-06-09 13:12:08.790000-04:00,109,92,2526,-32768,40.0
1032,W034,57215,2025-06-09 13:12:08.831000-04:00,109,92,2750,-22528,41.0
1033,W034,57257,2025-06-09 13:12:08.873000-04:00,109,92,2902,19200,42.0
1034,W034,57297,2025-06-09 13:12:08.913000-04:00,109,92,2894,14848,40.0
1035,W034,57340,2025-06-09 13:12:08.956000-04:00,109,92,2806,-9472,43.0
1036,W034,57379,2025-06-09 13:12:08.995000-04:00,109,92,2730,-27648,39.0
1037,W034,57422,2025-06-09 13:12:09.038000-04:00,109,92,2730,-24064,43.0
1038,W034,57461,2025-06-09 13:12:09.077000-04:00,109,92,3150,32767,39.0
1039,W034,57509,2025-06-09 13:12:09.125000-04:00,109,92,3614,32767,48.0
1040,W034,57592,2025-06-09 13:12:09.208000-04:00,109,92,3102,32767,83.0
1041,W034,57673,2025-06-09 13:12:09.289000-04:00,109,92,2942,-12800,81.0
1042,W034,57787,2025-06-09 13:12:09.403000-04:00,109,92,2686,-32768,114.0
1043,W034,57869,2025-06-09 13:12:09.485000-04:00,109,92,2798,-32768,82.0
1044,W034,57914,2025-06-09 13:12:09.530000-04:00,109,92,2782,-32768,45.0
1045,W034,57951,2025-06-09 13:12:09.567000-04:00,108,93,2894,-1024,37.0
1046,W034,57994,2025-06-09 13:12:09.610000-04:00,108,93,3022,32000,43.0
1047,W034,58033,2025-06-09 13:12:09.649000-04:00,108,93,3146,32767,39.0
1048,W034,58074,2025-06-09 13:12:09.690000-04:00,108,93,3006,16640,41.0
1049,W034,58114,2025-06-09 13:12:09.730000-04:00,108,93,2926,-5888,40.0
1050,W034,58155,2025-06-09 13:12:09.771000-04:00,108,93,2878,-17408,41.0
1051,W034,58196,2025-06-09 13:12:09.812000-04:00,108,93,3050,28928,41.0
1052,W034,58237,2025-06-09 13:12:09.853000-04:00,108,93,3518,32767,41.0
1053,W034,58278,2025-06-09 13:12:09.894000-04:00,108,93,3390,32767,41.0
1054,W034,58319,2025-06-09 13:12:09.935000-04:00,108,93,3294,32767,41.0
1055,W034,58360,2025-06-09 13:12:09.976000-04:00,108,93,3454,32767,41.0
1056,W034,58400,2025-06-09 13:12:10.016000-04:00,108,93,3518,32767,40.0
1057,W034,58441,2025-06-09 13:12:10.057000-04:00,108,93,3226,10240,41.0
1058,W034,58482,2025-06-09 13:12:10.098000-04:00,108,93,2494,-32768,41.0
1059,W034,58523,2025-06-09 13:12:10.139000-04:00,108,93,1790,-32768,41.0
1060,W034,58564,2025-06-09 13:12:10.180000-04:00,108,93,1446,-32768,41.0
1061,W034,58605,2025-06-09 13:12:10.221000-04:00,108,93,1118,-32768,41.0
1062,W034,58646,2025-06-09 13:12:10.262000-04:00,108,93,1226,-32768,41.0
1063,W034,58687,2025-06-09 13:12:10.303000-04:00,108,93,1750,-32768,41.0
1064,W034,58768,2025-06-09 13:12:10.384000-04:00,108,93,2358,14336,81.0
1065,W034,58809,2025-06-09 13:12:10.425000-04:00,108,93,2522,32767,41.0
1066,W034,58850,2025-06-09 13:12:10.466000-04:00,108,93,2590,32767,41.0
1067,W034,58891,2025-06-09 13:12:10.507000-04:00,108,93,2538,32767,41.0
1068,W034,58933,2025-06-09 13:12:10.549000-04:00,107,95,2446,15104,42.0
1069,W034,58973,2025-06-09 13:12:10.589000-04:00,107,95,2462,17408,40.0
1070,W034,59013,2025-06-09 13:12:10.629000-04:00,107,95,2878,32767,40.0
1071,W034,59055,2025-06-09 13:12:10.671000-04:00,107,95,3262,32767,42.0
1072,W034,59095,2025-06-09 13:12:10.711000-04:00,107,95,2486,-19200,40.0
1073,W034,59136,2025-06-09 13:12:10.752000-04:00,107,95,2590,9984,41.0
1074,W034,59180,2025-06-09 13:12:10.796000-04:00,107,95,2862,32767,44.0
1075,W034,59218,2025-06-09 13:12:10.834000-04:00,107,95,3110,32767,38.0
1076,W034,59261,2025-06-09 13:12:10.877000-04:00,107,95,2750,23808,43.0
1077,W034,59300,2025-06-09 13:12:10.916000-04:00,107,95,1994,-32768,39.0
1078,W034,59343,2025-06-09 13:12:10.959000-04:00,107,95,1574,-32768,43.0
1079,W034,59382,2025-06-09 13:12:10.998000-04:00,107,95,1534,-32768,39.0
1080,W034,59430,2025-06-09 13:12:11.046000-04:00,107,95,1790,-32768,48.0
1081,W034,59512,2025-06-09 13:12:11.128000-04:00,107,95,2270,9472,82.0
1082,W034,59627,2025-06-09 13:12:11.243000-04:00,107,95,2838,32767,115.0
1083,W034,59709,2025-06-09 13:12:11.325000-04:00,107,95,2638,32767,82.0
1084,W034,59754,2025-06-09 13:12:11.370000-04:00,107,95,2398,6400,45.0
1085,W034,59790,2025-06-09 13:12:11.406000-04:00,107,95,2766,32767,36.0
1086,W034,59834,2025-06-09 13:12:11.450000-04:00,107,95,3230,32767,44.0
1087,W034,59872,2025-06-09 13:12:11.488000-04:00,107,95,3582,32767,38.0
1088,W034,59914,2025-06-09 13:12:11.530000-04:00,105,92,3198,32767,42.0
1089,W034,59954,2025-06-09 13:12:11.570000-04:00,105,92,3374,32767,40.0
1090,W034,59994,2025-06-09 13:12:11.610000-04:00,105,92,3470,32767,40.0
1091,W034,60035,2025-06-09 13:12:11.651000-04:00,105,92,3278,32767,41.0
1092,W034,60076,2025-06-09 13:12:11.692000-04:00,105,92,3182,32767,41.0
1093,W034,60117,2025-06-09 13:12:11.733000-04:00,105,92,2798,-32768,41.0
1094,W034,60158,2025-06-09 13:12:11.774000-04:00,105,92,2478,-32768,41.0
1095,W034,60199,2025-06-09 13:12:11.815000-04:00,105,92,2430,-32768,41.0
1096,W034,60240,2025-06-09 13:12:11.856000-04:00,105,92,2862,8704,41.0
1097,W034,60281,2025-06-09 13:12:11.897000-04:00,105,92,2902,17920,41.0
1098,W034,60321,2025-06-09 13:12:11.937000-04:00,105,92,2982,32767,40.0
1099,W034,60362,2025-06-09 13:12:11.978000-04:00,105,92,2990,32767,41.0
1100,W034,60403,2025-06-09 13:12:12.019000-04:00,105,92,3110,32767,41.0
1101,W034,60444,2025-06-09 13:12:12.060000-04:00,105,92,3318,32767,41.0
1102,W034,60485,2025-06-09 13:12:12.101000-04:00,105,92,3422,32767,41.0
1103,W034,60526,2025-06-09 13:12:12.142000-04:00,105,92,3226,32767,41.0
1104,W034,60566,2025-06-09 13:12:12.182000-04:00,105,92,3038,0,40.0
1105,W034,60607,2025-06-09 13:12:12.223000-04:00,105,92,3498,32767,41.0
1106,W034,60648,2025-06-09 13:12:12.264000-04:00,105,92,4394,32767,41.0
1107,W034,60689,2025-06-09 13:12:12.305000-04:00,105,92,3518,32767,41.0
1108,W034,60730,2025-06-09 13:12:12.346000-04:00,105,92,3422,32767,41.0
1109,W034,60771,2025-06-09 13:12:12.387000-04:00,105,92,3694,32767,41.0
1110,W034,60812,2025-06-09 13:12:12.428000-04:00,103,88,3806,32767,41.0
1111,W034,60853,2025-06-09 13:12:12.469000-04:00,103,88,3662,32767,41.0
1112,W034,60894,2025-06-09 13:12:12.510000-04:00,103,88,3294,-32768,41.0
1113,W034,60934,2025-06-09 13:12:12.550000-04:00,103,88,2922,-32768,40.0
1114,W034,60975,2025-06-09 13:12:12.591000-04:00,103,88,2238,-32768,41.0
1115,W034,61016,2025-06-09 13:12:12.632000-04:00,103,88,2686,-32768,41.0
1116,W034,61057,2025-06-09 13:12:12.673000-04:00,103,88,2726,-32768,41.0
1117,W034,61101,2025-06-09 13:12:12.717000-04:00,103,88,2806,-32768,44.0
1118,W034,61139,2025-06-09 13:12:12.755000-04:00,103,88,3018,-10752,38.0
1119,W034,61182,2025-06-09 13:12:12.798000-04:00,103,88,3182,32767,43.0
1120,W034,61220,2025-06-09 13:12:12.836000-04:00,103,88,3414,32767,38.0
1121,W034,61269,2025-06-09 13:12:12.885000-04:00,103,88,3534,32767,49.0
1122,W034,61351,2025-06-09 13:12:12.967000-04:00,103,88,3070,-30208,82.0
1123,W034,61433,2025-06-09 13:12:13.049000-04:00,103,88,3134,-18432,82.0
1124,W034,61548,2025-06-09 13:12:13.164000-04:00,103,88,3162,2560,115.0
1125,W034,61593,2025-06-09 13:12:13.209000-04:00,103,88,3390,32767,45.0
1126,W034,61629,2025-06-09 13:12:13.245000-04:00,103,88,3622,32767,36.0
1127,W034,61673,2025-06-09 13:12:13.289000-04:00,103,88,3278,10496,44.0
1128,W034,61711,2025-06-09 13:12:13.327000-04:00,103,88,2494,-32768,38.0
1129,W034,61753,2025-06-09 13:12:13.369000-04:00,103,88,1958,-32768,42.0
1130,W034,61793,2025-06-09 13:12:13.409000-04:00,103,88,2062,-32768,40.0
1131,W034,61834,2025-06-09 13:12:13.450000-04:00,104,98,2014,-32768,41.0
1132,W034,61875,2025-06-09 13:12:13.491000-04:00,104,98,1982,-32768,41.0
1133,W034,61915,2025-06-09 13:12:13.531000-04:00,104,98,2014,-32768,40.0
1134,W034,61956,2025-06-09 13:12:13.572000-04:00,104,98,2166,-32768,41.0
1135,W034,61997,2025-06-09 13:12:13.613000-04:00,104,98,2286,-32768,41.0
1136,W034,62038,2025-06-09 13:12:13.654000-04:00,104,98,2446,-15104,41.0
1137,W034,62079,2025-06-09 13:12:13.695000-04:00,104,98,2510,3328,41.0
1138,W034,62120,2025-06-09 13:12:13.736000-04:00,104,98,2538,10240,41.0
1139,W034,62161,2025-06-09 13:12:13.777000-04:00,104,98,2470,-8448,41.0
1140,W034,62202,2025-06-09 13:12:13.818000-04:00,104,98,2766,32767,41.0
1141,W034,62242,2025-06-09 13:12:13.858000-04:00,104,98,3242,32767,40.0
1142,W034,62283,2025-06-09 13:12:13.899000-04:00,104,98,2766,32767,41.0
1143,W034,62324,2025-06-09 13:12:13.940000-04:00,104,98,2814,32767,41.0
1144,W034,62365,2025-06-09 13:12:13.981000-04:00,104,98,3178,32767,41.0
1145,W034,62406,2025-06-09 13:12:14.022000-04:00,104,98,3070,32767,41.0
1146,W034,62447,2025-06-09 13:12:14.063000-04:00,104,98,2878,28672,41.0
1147,W034,62487,2025-06-09 13:12:14.103000-04:00,104,98,2302,-32768,40.0
1148,W034,62528,2025-06-09 13:12:14.144000-04:00,104,98,1706,-32768,41.0
1149,W034,62569,2025-06-09 13:12:14.185000-04:00,104,98,1364,-32768,41.0
1150,W034,62610,2025-06-09 13:12:14.226000-04:00,104,98,1374,-32768,41.0
1151,W034,62651,2025-06-09 13:12:14.267000-04:00,104,98,1590,-32768,41.0
1152,W034,62692,2025-06-09 13:12:14.308000-04:00,104,98,1846,-32768,41.0
1153,W034,62733,2025-06-09 13:12:14.349000-04:00,104,25,2006,-32768,41.0
1154,W034,62774,2025-06-09 13:12:14.390000-04:00,104,25,2070,-19712,41.0
1155,W034,62814,2025-06-09 13:12:14.430000-04:00,104,25,2206,17664,40.0
1156,W034,62855,2025-06-09 13:12:14.471000-04:00,104,25,2042,-26368,41.0
1157,W034,62896,2025-06-09 13:12:14.512000-04:00,104,25,1886,-32768,41.0
1158,W034,62939,2025-06-09 13:12:14.555000-04:00,104,25,1950,-32768,43.0
1159,W034,62978,2025-06-09 13:12:14.594000-04:00,104,25,2262,32767,39.0
1160,W034,63021,2025-06-09 13:12:14.637000-04:00,104,25,1982,-31232,43.0
1161,W034,63060,2025-06-09 13:12:14.676000-04:00,104,25,1870,-32768,39.0
1162,W034,63108,2025-06-09 13:12:14.724000-04:00,104,25,2062,512,48.0
1163,W034,63190,2025-06-09 13:12:14.806000-04:00,104,25,2174,24320,82.0
1164,W034,63272,2025-06-09 13:12:14.888000-04:00,104,25,1166,-32768,82.0
1165,W034,63387,2025-06-09 13:12:15.003000-04:00,104,25,1234,-32768,115.0
1166,W034,63433,2025-06-09 13:12:15.049000-04:00,104,25,1406,-32768,46.0
1167,W034,63513,2025-06-09 13:12:15.129000-04:00,104,25,1406,-32768,80.0
1168,W034,63550,2025-06-09 13:12:15.166000-04:00,104,25,1494,-32768,37.0
1169,W034,63593,2025-06-09 13:12:15.209000-04:00,104,25,1750,20224,43.0
1170,W034,63632,2025-06-09 13:12:15.248000-04:00,104,25,1834,32767,39.0
1171,W034,63673,2025-06-09 13:12:15.289000-04:00,104,25,1294,-32768,41.0
1172,W034,63714,2025-06-09 13:12:15.330000-04:00,104,25,1782,32767,41.0
1173,W034,63754,2025-06-09 13:12:15.370000-04:00,104,25,2902,32767,40.0
1174,W034,63796,2025-06-09 13:12:15.412000-04:00,106,100,1710,-27648,42.0
1175,W034,63837,2025-06-09 13:12:15.453000-04:00,106,100,1598,-32768,41.0
1176,W034,63877,2025-06-09 13:12:15.493000-04:00,106,100,1782,1024,40.0
1177,W034,63918,2025-06-09 13:12:15.534000-04:00,106,100,1910,32767,41.0
1178,W034,63959,2025-06-09 13:12:15.575000-04:00,106,100,1918,31744,41.0
1179,W034,64000,2025-06-09 13:12:15.616000-04:00,106,100,1558,-32768,41.0
1180,W034,64040,2025-06-09 13:12:15.656000-04:00,106,100,1462,-32768,40.0
1181,W034,64081,2025-06-09 13:12:15.697000-04:00,106,100,1406,-32768,41.0
1182,W034,64122,2025-06-09 13:12:15.738000-04:00,106,100,1382,-32768,41.0
1183,W034,64163,2025-06-09 13:12:15.779000-04:00,106,100,1306,-32768,41.0
1184,W034,64204,2025-06-09 13:12:15.820000-04:00,106,100,1366,-32768,41.0
1185,W034,64245,2025-06-09 13:12:15.861000-04:00,106,100,1502,-19968,41.0
1186,W034,64286,2025-06-09 13:12:15.902000-04:00,106,100,1642,18432,41.0
1187,W034,64327,2025-06-09 13:12:15.943000-04:00,106,100,1662,21248,41.0
1188,W034,64368,2025-06-09 13:12:15.984000-04:00,106,100,1748,32767,41.0
1189,W034,64408,2025-06-09 13:12:16.024000-04:00,106,100,1642,8704,40.0
1190,W034,64449,2025-06-09 13:12:16.065000-04:00,106,100,1550,-15872,41.0
1191,W034,64490,2025-06-09 13:12:16.106000-04:00,106,100,1598,-1536,41.0
1192,W034,64531,2025-06-09 13:12:16.147000-04:00,106,100,2046,32767,41.0
1193,W034,64572,2025-06-09 13:12:16.188000-04:00,106,100,1370,-32768,41.0
1194,W034,64613,2025-06-09 13:12:16.229000-04:00,105,81,1610,-3072,41.0
1195,W034,64654,2025-06-09 13:12:16.270000-04:00,105,81,1598,-5632,41.0
1196,W034,64695,2025-06-09 13:12:16.311000-04:00,105,81,1534,-21248,41.0
1197,W034,64735,2025-06-09 13:12:16.351000-04:00,105,81,1674,17408,40.0
1198,W034,64779,2025-06-09 13:12:16.395000-04:00,105,81,1518,-24576,44.0
1199,W034,64817,2025-06-09 13:12:16.433000-04:00,105,81,1206,-32768,38.0
1200,W034,64860,2025-06-09 13:12:16.476000-04:00,105,81,932,-32768,43.0
1201,W034,64899,2025-06-09 13:12:16.515000-04:00,105,81,802,-32768,39.0
1202,W034,64947,2025-06-09 13:12:16.563000-04:00,105,81,766,-32768,48.0
1203,W034,65029,2025-06-09 13:12:16.645000-04:00,105,81,682,-32768,82.0
1204,W034,65112,2025-06-09 13:12:16.728000-04:00,105,81,1034,-18176,83.0
1205,W034,65226,2025-06-09 13:12:16.842000-04:00,105,81,1026,-21504,114.0
1206,W034,65308,2025-06-09 13:12:16.924000-04:00,105,81,890,-32768,82.0
1207,W034,65353,2025-06-09 13:12:16.969000-04:00,105,81,874,-32768,45.0
1208,W034,65389,2025-06-09 13:12:17.005000-04:00,105,81,810,-32768,36.0
1209,W034,65433,2025-06-09 13:12:17.049000-04:00,105,81,938,-20224,44.0
1210,W034,65471,2025-06-09 13:12:17.087000-04:00,105,81,1066,15104,38.0
1211,W034,65513,2025-06-09 13:12:17.129000-04:00,105,81,1178,32767,42.0
1212,W034,65553,2025-06-09 13:12:17.169000-04:00,105,81,1290,32767,40.0
1213,W034,65594,2025-06-09 13:12:17.210000-04:00,105,81,1178,28672,41.0
1214,W034,65635,2025-06-09 13:12:17.251000-04:00,105,81,1050,-7680,41.0
1215,W034,65676,2025-06-09 13:12:17.292000-04:00,103,74,1018,-14848,41.0
1216,W034,65717,2025-06-09 13:12:17.333000-04:00,103,74,1130,15872,41.0
1217,W034,65757,2025-06-09 13:12:17.373000-04:00,103,74,1306,32767,40.0
1218,W034,65798,2025-06-09 13:12:17.414000-04:00,103,74,1558,32767,41.0
1219,W034,65839,2025-06-09 13:12:17.455000-04:00,103,74,1882,32767,41.0
1220,W034,65880,2025-06-09 13:12:17.496000-04:00,103,74,2058,32767,41.0
1221,W034,65921,2025-06-09 13:12:17.537000-04:00,103,74,2330,32767,41.0
1222,W034,65962,2025-06-09 13:12:17.578000-04:00,103,74,2506,32767,41.0
1223,W034,66002,2025-06-09 13:12:17.618000-04:00,103,74,2458,32767,40.0
1224,W034,66044,2025-06-09 13:12:17.660000-04:00,103,74,2490,32767,42.0
1225,W034,66084,2025-06-09 13:12:17.700000-04:00,103,74,2826,32767,40.0
1226,W034,66125,2025-06-09 13:12:17.741000-04:00,103,74,2754,32767,41.0
1227,W034,66166,2025-06-09 13:12:17.782000-04:00,103,74,2762,32767,41.0
1228,W034,66207,2025-06-09 13:12:17.823000-04:00,103,74,2762,32767,41.0
1229,W034,66248,2025-06-09 13:12:17.864000-04:00,103,74,2842,32767,41.0
1230,W034,66329,2025-06-09 13:12:17.945000-04:00,103,74,2634,32767,81.0
1231,W034,66371,2025-06-09 13:12:17.987000-04:00,103,74,2410,21504,42.0
1232,W034,66411,2025-06-09 13:12:18.027000-04:00,103,74,2234,-26112,40.0
1233,W034,66452,2025-06-09 13:12:18.068000-04:00,103,74,2370,12032,41.0
1234,W034,66493,2025-06-09 13:12:18.109000-04:00,103,74,2698,32767,41.0
1235,W034,66534,2025-06-09 13:12:18.150000-04:00,103,95,3042,32767,41.0
1236,W034,66575,2025-06-09 13:12:18.191000-04:00,103,95,3330,32767,41.0
1237,W034,66618,2025-06-09 13:12:18.234000-04:00,103,95,3498,32767,43.0
1238,W034,66656,2025-06-09 13:12:18.272000-04:00,103,95,3690,32767,38.0
1239,W034,66700,2025-06-09 13:12:18.316000-04:00,103,95,3754,32767,44.0
1240,W034,66738,2025-06-09 13:12:18.354000-04:00,103,95,3722,32767,38.0
1241,W034,66782,2025-06-09 13:12:18.398000-04:00,103,95,4010,32767,44.0
1242,W034,66820,2025-06-09 13:12:18.436000-04:00,103,95,4410,32767,38.0
1243,W034,66868,2025-06-09 13:12:18.484000-04:00,103,95,3946,32767,48.0
1244,W034,66951,2025-06-09 13:12:18.567000-04:00,103,95,4122,32767,83.0
1245,W034,67033,2025-06-09 13:12:18.649000-04:00,103,95,4258,32767,82.0
1246,W034,67147,2025-06-09 13:12:18.763000-04:00,103,95,3626,-29952,114.0
1247,W034,67188,2025-06-09 13:12:18.804000-04:00,103,95,3818,23040,41.0
1248,W034,67229,2025-06-09 13:12:18.845000-04:00,103,95,4186,32767,41.0
1249,W034,67272,2025-06-09 13:12:18.888000-04:00,103,95,4586,32767,43.0
1250,W034,67310,2025-06-09 13:12:18.926000-04:00,103,95,4826,32767,38.0
1251,W034,67351,2025-06-09 13:12:18.967000-04:00,103,95,4890,32767,41.0
1252,W034,67392,2025-06-09 13:12:19.008000-04:00,103,95,4906,32767,41.0
1253,W034,67433,2025-06-09 13:12:19.049000-04:00,103,95,4930,32767,41.0
1254,W034,67474,2025-06-09 13:12:19.090000-04:00,103,71,5018,32767,41.0
1255,W034,67515,2025-06-09 13:12:19.131000-04:00,103,71,5610,32767,41.0
1256,W034,67556,2025-06-09 13:12:19.172000-04:00,103,71,5386,32767,41.0
1257,W034,67596,2025-06-09 13:12:19.212000-04:00,103,71,5482,32767,40.0
1258,W034,67638,2025-06-09 13:12:19.254000-04:00,103,71,5594,32767,42.0
1259,W034,67678,2025-06-09 13:12:19.294000-04:00,103,71,5658,32767,40.0
1260,W034,67719,2025-06-09 13:12:19.335000-04:00,103,71,5770,32767,41.0
1261,W034,67760,2025-06-09 13:12:19.376000-04:00,103,71,5690,32767,41.0
1262,W034,67801,2025-06-09 13:12:19.417000-04:00,103,71,5722,32767,41.0
1263,W034,67842,2025-06-09 13:12:19.458000-04:00,103,71,5802,32767,41.0
1264,W034,67883,2025-06-09 13:12:19.499000-04:00,103,71,5962,32767,41.0
1265,W034,67923,2025-06-09 13:12:19.539000-04:00,103,71,6122,32767,40.0
1266,W034,67965,2025-06-09 13:12:19.581000-04:00,103,71,6218,32767,42.0
1267,W034,68005,2025-06-09 13:12:19.621000-04:00,103,71,6314,32767,40.0
1268,W034,68046,2025-06-09 13:12:19.662000-04:00,103,71,6426,32767,41.0
1269,W034,68087,2025-06-09 13:12:19.703000-04:00,103,71,6538,32767,41.0
1270,W034,68128,2025-06-09 13:12:19.744000-04:00,103,71,6634,32767,41.0
1271,W034,68169,2025-06-09 13:12:19.785000-04:00,103,71,6810,32767,41.0
1272,W034,68210,2025-06-09 13:12:19.826000-04:00,103,71,6942,32767,41.0
1273,W034,68250,2025-06-09 13:12:19.866000-04:00,103,71,7086,32767,40.0
1274,W034,68291,2025-06-09 13:12:19.907000-04:00,103,71,7230,32767,41.0
1275,W034,68332,2025-06-09 13:12:19.948000-04:00,103,71,7350,32767,41.0
1276,W034,68373,2025-06-09 13:12:19.989000-04:00,100,93,7422,32767,41.0
1277,W034,68414,2025-06-09 13:12:20.030000-04:00,100,93,7518,32767,41.0
1278,W034,68458,2025-06-09 13:12:20.074000-04:00,100,93,7598,32767,44.0
1279,W034,68496,2025-06-09 13:12:20.112000-04:00,100,93,7534,32767,38.0
1280,W034,68539,2025-06-09 13:12:20.155000-04:00,100,93,7470,32767,43.0
1281,W034,68577,2025-06-09 13:12:20.193000-04:00,100,93,7486,32767,38.0
1282,W034,68621,2025-06-09 13:12:20.237000-04:00,100,93,7502,32767,44.0
1283,W034,68708,2025-06-09 13:12:20.324000-04:00,100,93,7534,32767,87.0
1284,W034,68789,2025-06-09 13:12:20.405000-04:00,100,93,7502,32767,81.0
1285,W034,68871,2025-06-09 13:12:20.487000-04:00,100,93,7406,32767,82.0
1286,W034,68986,2025-06-09 13:12:20.602000-04:00,100,93,7582,32767,115.0
1287,W034,69032,2025-06-09 13:12:20.648000-04:00,100,93,7662,32767,46.0
1288,W034,69068,2025-06-09 13:12:20.684000-04:00,100,93,7750,32767,36.0
1289,W034,69112,2025-06-09 13:12:20.728000-04:00,100,93,7790,32767,44.0
1290,W034,69150,2025-06-09 13:12:20.766000-04:00,100,93,7790,32767,38.0
1291,W034,69192,2025-06-09 13:12:20.808000-04:00,100,93,7790,32767,42.0
1292,W034,69231,2025-06-09 13:12:20.847000-04:00,100,93,7790,32767,39.0
1293,W034,69272,2025-06-09 13:12:20.888000-04:00,100,93,7790,32767,41.0
1294,W034,69313,2025-06-09 13:12:20.929000-04:00,100,93,7846,32767,41.0
1295,W034,69354,2025-06-09 13:12:20.970000-04:00,100,71,7902,32767,41.0
1296,W034,69395,2025-06-09 13:12:21.011000-04:00,100,71,7918,32767,41.0
1297,W034,69436,2025-06-09 13:12:21.052000-04:00,100,71,7854,32767,41.0
1298,W034,69476,2025-06-09 13:12:21.092000-04:00,100,71,7726,3072,40.0
1299,W034,69518,2025-06-09 13:12:21.134000-04:00,100,71,7726,2816,42.0
1300,W034,69558,2025-06-09 13:12:21.174000-04:00,100,71,7710,-1536,40.0
1301,W034,69599,2025-06-09 13:12:21.215000-04:00,100,71,7662,-13568,41.0
1302,W034,69640,2025-06-09 13:12:21.256000-04:00,100,71,7614,-24064,41.0
1303,W034,69681,2025-06-09 13:12:21.297000-04:00,100,71,7534,-32768,41.0
1304,W034,69722,2025-06-09 13:12:21.338000-04:00,100,71,7454,-32768,41.0
1305,W034,69763,2025-06-09 13:12:21.379000-04:00,100,71,7470,-32768,41.0
1306,W034,69803,2025-06-09 13:12:21.419000-04:00,100,71,7534,-23040,40.0
1307,W034,69844,2025-06-09 13:12:21.460000-04:00,100,71,7550,-15872,41.0
1308,W034,69885,2025-06-09 13:12:21.501000-04:00,100,71,7502,-26112,41.0
1309,W034,69926,2025-06-09 13:12:21.542000-04:00,100,71,7390,-32768,41.0
1310,W034,69967,2025-06-09 13:12:21.583000-04:00,100,71,7342,-32768,41.0
1311,W034,70008,2025-06-09 13:12:21.624000-04:00,100,71,7326,-32768,41.0
1312,W034,70049,2025-06-09 13:12:21.665000-04:00,100,71,7278,-32768,41.0
1313,W034,70090,2025-06-09 13:12:21.706000-04:00,100,71,7246,-32768,41.0
1314,W034,70130,2025-06-09 13:12:21.746000-04:00,100,71,7262,-32768,40.0
1315,W034,70171,2025-06-09 13:12:21.787000-04:00,100,71,7286,-32768,41.0
1316,W034,70212,2025-06-09 13:12:21.828000-04:00,100,71,7262,-32768,41.0
1317,W034,70253,2025-06-09 13:12:21.869000-04:00,100,98,7230,-32768,41.0
1318,W034,70294,2025-06-09 13:12:21.910000-04:00,100,98,7230,-32768,41.0
1319,W034,70335,2025-06-09 13:12:21.951000-04:00,100,98,7230,-31232,41.0
1320,W034,70378,2025-06-09 13:12:21.994000-04:00,100,98,7166,-32768,43.0
1321,W034,70416,2025-06-09 13:12:22.032000-04:00,100,98,7134,-32768,38.0
1322,W034,70460,2025-06-09 13:12:22.076000-04:00,100,98,7166,-32000,44.0
1323,W034,70498,2025-06-09 13:12:22.114000-04:00,100,98,7214,-15616,38.0
1324,W034,70547,2025-06-09 13:12:22.163000-04:00,100,98,7166,-25856,49.0
1325,W034,70629,2025-06-09 13:12:22.245000-04:00,100,98,7358,25344,82.0
1326,W034,70711,2025-06-09 13:12:22.327000-04:00,100,98,7286,2304,82.0
1327,W034,70825,2025-06-09 13:12:22.441000-04:00,100,98,7278,-1536,114.0
1328,W034,70907,2025-06-09 13:12:22.523000-04:00,100,98,7294,2816,82.0
1329,W034,70952,2025-06-09 13:12:22.568000-04:00,100,98,7294,2560,45.0
1330,W034,70989,2025-06-09 13:12:22.605000-04:00,100,98,7230,-14080,37.0
1331,W034,71070,2025-06-09 13:12:22.686000-04:00,100,98,7166,-28672,81.0
1332,W034,71112,2025-06-09 13:12:22.728000-04:00,100,98,7166,-25088,42.0
1333,W034,71153,2025-06-09 13:12:22.769000-04:00,100,98,7134,-29952,41.0
1334,W034,71193,2025-06-09 13:12:22.809000-04:00,100,98,7094,-32768,40.0
1335,W034,71234,2025-06-09 13:12:22.850000-04:00,100,98,7038,-32768,41.0
1336,W034,71275,2025-06-09 13:12:22.891000-04:00,100,98,7134,-15616,41.0
1337,W034,71316,2025-06-09 13:12:22.932000-04:00,100,98,7166,-5376,41.0
1338,W034,71357,2025-06-09 13:12:22.973000-04:00,100,91,7166,-4608,41.0
1339,W034,71397,2025-06-09 13:12:23.013000-04:00,100,91,7166,-3840,40.0
1340,W034,71438,2025-06-09 13:12:23.054000-04:00,100,91,7166,-3328,41.0
1341,W034,71479,2025-06-09 13:12:23.095000-04:00,100,91,7166,-2816,41.0
1342,W034,71520,2025-06-09 13:12:23.136000-04:00,100,91,7166,-2304,41.0
1343,W034,71561,2025-06-09 13:12:23.177000-04:00,100,91,7166,-1792,41.0
1344,W034,71603,2025-06-09 13:12:23.219000-04:00,100,91,7166,-1536,42.0
1345,W034,71643,2025-06-09 13:12:23.259000-04:00,100,91,7102,-17664,40.0
1346,W034,71684,2025-06-09 13:12:23.300000-04:00,100,91,7038,-31744,41.0
1347,W034,71724,2025-06-09 13:12:23.340000-04:00,100,91,7070,-19456,40.0
1348,W034,71765,2025-06-09 13:12:23.381000-04:00,100,91,7102,-8704,41.0
1349,W034,71806,2025-06-09 13:12:23.422000-04:00,100,91,7070,-15616,41.0
1350,W034,71847,2025-06-09 13:12:23.463000-04:00,100,91,7038,-21760,41.0
1351,W034,71888,2025-06-09 13:12:23.504000-04:00,100,91,6998,-29184,41.0
1352,W034,71929,2025-06-09 13:12:23.545000-04:00,100,91,6974,-31488,41.0
1353,W034,71970,2025-06-09 13:12:23.586000-04:00,100,91,6958,-31488,41.0
1354,W034,72011,2025-06-09 13:12:23.627000-04:00,100,91,6958,-27392,41.0
1355,W034,72051,2025-06-09 13:12:23.667000-04:00,100,91,6974,-19712,40.0
1356,W034,72093,2025-06-09 13:12:23.709000-04:00,100,83,7006,-8960,42.0
1357,W034,72133,2025-06-09 13:12:23.749000-04:00,100,83,7022,-3584,40.0
1358,W034,72174,2025-06-09 13:12:23.790000-04:00,100,83,7022,-3072,41.0
1359,W034,72217,2025-06-09 13:12:23.833000-04:00,100,83,7006,-6656,43.0
1360,W034,72256,2025-06-09 13:12:23.872000-04:00,100,83,7006,-5632,39.0
1361,W034,72299,2025-06-09 13:12:23.915000-04:00,100,83,6974,-13056,43.0
1362,W034,72337,2025-06-09 13:12:23.953000-04:00,100,83,6942,-19456,38.0
1363,W034,72381,2025-06-09 13:12:23.997000-04:00,100,83,6910,-25088,44.0
1364,W034,72419,2025-06-09 13:12:24.035000-04:00,100,83,6910,-21760,38.0
1365,W034,72468,2025-06-09 13:12:24.084000-04:00,100,83,6878,-27136,49.0
1366,W034,72550,2025-06-09 13:12:24.166000-04:00,100,83,6806,-32768,82.0
1367,W034,72631,2025-06-09 13:12:24.247000-04:00,100,83,6750,-32768,81.0
