,watchId,timeFromStart,time,x,y,z,magnitude,difference,timeDifference
0,W002,145,2025-06-09 15:47:01.173000-04:00,49,61,-892,896,152,
1,W002,945,2025-06-09 15:47:01.973000-04:00,14,-9,-1018,1018,148,800.0
2,W002,1749,2025-06-09 15:47:02.777000-04:00,7,-18,-1016,1017,11,804.0
3,W002,2548,2025-06-09 15:47:03.576000-04:00,15,-10,-1014,1014,10,799.0
4,W002,3345,2025-06-09 15:47:04.373000-04:00,2,-15,-1015,1015,14,797.0
5,W002,4145,2025-06-09 15:47:05.173000-04:00,12,-15,-1017,1017,11,800.0
6,W002,4945,2025-06-09 15:47:05.973000-04:00,17,-14,-1026,1026,10,800.0
7,W002,5745,2025-06-09 15:47:06.773000-04:00,17,-13,-1024,1024,3,800.0
8,W002,6545,2025-06-09 15:47:07.573000-04:00,4,-15,-1021,1022,13,800.0
9,W002,7345,2025-06-09 15:47:08.373000-04:00,14,-4,-1022,1022,15,800.0
10,W002,8145,2025-06-09 15:47:09.173000-04:00,3,-9,-1025,1025,12,800.0
11,W002,8945,2025-06-09 15:47:09.973000-04:00,5,-11,-1017,1017,8,800.0
12,W002,9745,2025-06-09 15:47:10.773000-04:00,5,-14,-1026,1026,9,800.0
13,W002,10545,2025-06-09 15:47:11.573000-04:00,10,-10,-1015,1015,12,800.0
14,W002,11345,2025-06-09 15:47:12.373000-04:00,10,-17,-1011,1012,7,800.0
15,W002,12145,2025-06-09 15:47:13.173000-04:00,10,-16,-1031,1032,20,800.0
16,W002,12945,2025-06-09 15:47:13.973000-04:00,9,-25,-1013,1013,20,800.0
17,W002,13745,2025-06-09 15:47:14.773000-04:00,13,-10,-1012,1012,15,800.0
18,W002,14545,2025-06-09 15:47:15.573000-04:00,11,-6,-1027,1028,16,800.0
19,W002,15345,2025-06-09 15:47:16.373000-04:00,11,-16,-1021,1021,12,800.0
20,W002,16145,2025-06-09 15:47:17.173000-04:00,7,-6,-1006,1006,18,800.0
21,W002,16945,2025-06-09 15:47:17.973000-04:00,15,-12,-1016,1016,14,800.0
22,W002,17745,2025-06-09 15:47:18.773000-04:00,13,-13,-1022,1022,7,800.0
23,W002,18545,2025-06-09 15:47:19.573000-04:00,19,-9,-1016,1016,9,800.0
24,W002,19345,2025-06-09 15:47:20.373000-04:00,9,-20,-1030,1030,20,800.0
25,W002,20145,2025-06-09 15:47:21.173000-04:00,3,-15,-1024,1024,10,800.0
26,W002,20945,2025-06-09 15:47:21.973000-04:00,15,-5,-1022,1022,16,800.0
27,W002,21745,2025-06-09 15:47:22.773000-04:00,7,-12,-1019,1019,11,800.0
28,W002,22545,2025-06-09 15:47:23.573000-04:00,12,-20,-1030,1031,15,800.0
29,W002,23346,2025-06-09 15:47:24.374000-04:00,752,-523,97,921,1439,801.0
30,W002,23428,2025-06-09 15:47:24.456000-04:00,767,-518,192,945,96,82.0
31,W002,23508,2025-06-09 15:47:24.536000-04:00,683,-513,265,894,111,80.0
32,W002,23588,2025-06-09 15:47:24.616000-04:00,653,-541,287,896,47,80.0
33,W002,23668,2025-06-09 15:47:24.696000-04:00,680,-595,287,948,60,80.0
34,W002,23748,2025-06-09 15:47:24.776000-04:00,702,-639,342,1009,74,80.0
35,W002,23828,2025-06-09 15:47:24.856000-04:00,688,-678,408,1048,77,80.0
36,W002,23908,2025-06-09 15:47:24.936000-04:00,664,-707,408,1052,38,80.0
37,W002,23988,2025-06-09 15:47:25.016000-04:00,620,-723,372,1022,59,80.0
38,W002,24068,2025-06-09 15:47:25.096000-04:00,556,-735,327,978,79,80.0
39,W002,24148,2025-06-09 15:47:25.176000-04:00,521,-771,255,965,87,80.0
40,W002,24228,2025-06-09 15:47:25.256000-04:00,482,-804,178,954,93,80.0
41,W002,24308,2025-06-09 15:47:25.336000-04:00,451,-827,130,951,62,80.0
42,W002,24388,2025-06-09 15:47:25.416000-04:00,457,-834,137,961,11,80.0
43,W002,24468,2025-06-09 15:47:25.496000-04:00,469,-848,121,976,23,80.0
44,W002,24548,2025-06-09 15:47:25.576000-04:00,452,-830,41,946,84,80.0
45,W002,24708,2025-06-09 15:47:25.736000-04:00,522,-762,-47,925,131,160.0
46,W002,24788,2025-06-09 15:47:25.816000-04:00,579,-722,-161,940,134,80.0
47,W002,24868,2025-06-09 15:47:25.896000-04:00,600,-693,-221,943,69,80.0
48,W002,24948,2025-06-09 15:47:25.976000-04:00,665,-700,-152,977,95,80.0
49,W002,25028,2025-06-09 15:47:26.056000-04:00,726,-774,-105,1066,106,80.0
50,W002,25108,2025-06-09 15:47:26.136000-04:00,745,-799,-111,1098,32,80.0
51,W002,25188,2025-06-09 15:47:26.216000-04:00,717,-734,-69,1028,82,80.0
52,W002,25268,2025-06-09 15:47:26.296000-04:00,687,-751,-76,1020,35,80.0
53,W002,25350,2025-06-09 15:47:26.378000-04:00,667,-766,-36,1017,47,82.0
54,W002,25430,2025-06-09 15:47:26.458000-04:00,684,-725,96,1002,139,80.0
55,W002,25513,2025-06-09 15:47:26.541000-04:00,676,-712,188,1000,93,83.0
56,W002,25593,2025-06-09 15:47:26.621000-04:00,662,-712,234,1000,49,80.0
57,W002,25668,2025-06-09 15:47:26.696000-04:00,653,-728,225,1003,21,75.0
58,W002,25748,2025-06-09 15:47:26.776000-04:00,623,-744,203,992,40,80.0
59,W002,25828,2025-06-09 15:47:26.856000-04:00,604,-751,196,983,22,80.0
60,W002,25909,2025-06-09 15:47:26.937000-04:00,604,-756,209,990,14,81.0
61,W002,25988,2025-06-09 15:47:27.016000-04:00,593,-771,208,994,18,79.0
62,W002,26068,2025-06-09 15:47:27.096000-04:00,578,-772,203,986,16,80.0
63,W002,26228,2025-06-09 15:47:27.256000-04:00,582,-757,216,979,20,160.0
64,W002,26310,2025-06-09 15:47:27.338000-04:00,589,-747,223,977,14,82.0
65,W002,26391,2025-06-09 15:47:27.419000-04:00,593,-745,227,978,6,81.0
66,W002,26468,2025-06-09 15:47:27.496000-04:00,590,-744,242,980,16,77.0
67,W002,26548,2025-06-09 15:47:27.576000-04:00,593,-736,266,982,26,80.0
68,W002,26628,2025-06-09 15:47:27.656000-04:00,598,-728,272,980,11,80.0
69,W002,26708,2025-06-09 15:47:27.736000-04:00,617,-734,265,995,22,80.0
70,W002,26788,2025-06-09 15:47:27.816000-04:00,591,-754,212,982,62,80.0
71,W002,26868,2025-06-09 15:47:27.896000-04:00,532,-767,79,937,146,80.0
72,W002,26948,2025-06-09 15:47:27.976000-04:00,509,-774,-109,933,190,80.0
73,W002,27028,2025-06-09 15:47:28.056000-04:00,470,-789,-296,964,191,80.0
74,W002,27108,2025-06-09 15:47:28.136000-04:00,405,-781,-465,995,182,80.0
75,W002,27188,2025-06-09 15:47:28.216000-04:00,335,-654,-628,966,218,80.0
76,W002,27270,2025-06-09 15:47:28.298000-04:00,263,-475,-767,940,238,82.0
77,W002,27350,2025-06-09 15:47:28.378000-04:00,206,-419,-840,961,109,80.0
78,W002,27428,2025-06-09 15:47:28.456000-04:00,173,-432,-850,969,37,78.0
79,W002,27508,2025-06-09 15:47:28.536000-04:00,171,-476,-828,970,49,80.0
80,W002,27588,2025-06-09 15:47:28.616000-04:00,192,-604,-725,963,166,80.0
81,W002,27748,2025-06-09 15:47:28.776000-04:00,215,-732,-577,956,197,160.0
82,W002,27828,2025-06-09 15:47:28.856000-04:00,224,-796,-479,956,117,80.0
83,W002,27908,2025-06-09 15:47:28.936000-04:00,209,-839,-454,977,53,80.0
84,W002,27988,2025-06-09 15:47:29.016000-04:00,194,-858,-464,995,26,80.0
85,W002,28068,2025-06-09 15:47:29.096000-04:00,182,-865,-451,993,19,80.0
86,W002,28148,2025-06-09 15:47:29.176000-04:00,171,-867,-412,975,40,80.0
87,W002,28229,2025-06-09 15:47:29.257000-04:00,170,-857,-445,980,34,81.0
88,W002,28310,2025-06-09 15:47:29.338000-04:00,226,-836,-461,981,62,81.0
89,W002,28388,2025-06-09 15:47:29.416000-04:00,285,-841,-380,966,100,78.0
90,W002,28472,2025-06-09 15:47:29.500000-04:00,229,-841,-405,961,62,84.0
91,W002,28548,2025-06-09 15:47:29.576000-04:00,157,-839,-568,1026,178,76.0
92,W002,28628,2025-06-09 15:47:29.656000-04:00,143,-861,-580,1048,28,80.0
93,W002,28707,2025-06-09 15:47:29.735000-04:00,127,-858,-435,971,146,79.0
94,W002,28787,2025-06-09 15:47:29.815000-04:00,91,-854,-343,924,100,80.0
95,W002,28867,2025-06-09 15:47:29.895000-04:00,84,-888,-346,957,35,80.0
96,W002,28947,2025-06-09 15:47:29.975000-04:00,110,-922,-335,987,44,80.0
97,W002,29027,2025-06-09 15:47:30.055000-04:00,120,-934,-261,978,77,80.0
98,W002,29189,2025-06-09 15:47:30.217000-04:00,120,-957,-232,992,36,162.0
99,W002,29270,2025-06-09 15:47:30.298000-04:00,96,-964,-261,1004,38,81.0
100,W002,29353,2025-06-09 15:47:30.381000-04:00,95,-964,-228,995,33,83.0
101,W002,29432,2025-06-09 15:47:30.460000-04:00,108,-913,-163,934,84,79.0
102,W002,29507,2025-06-09 15:47:30.535000-04:00,118,-892,-141,911,32,75.0
103,W002,29587,2025-06-09 15:47:30.615000-04:00,176,-929,-97,950,81,80.0
104,W002,29667,2025-06-09 15:47:30.695000-04:00,166,-868,-150,896,82,80.0
105,W002,29747,2025-06-09 15:47:30.775000-04:00,93,-821,-251,863,133,80.0
106,W002,29827,2025-06-09 15:47:30.855000-04:00,107,-825,-253,869,15,80.0
107,W002,29907,2025-06-09 15:47:30.935000-04:00,167,-823,-347,909,112,80.0
108,W002,29988,2025-06-09 15:47:31.016000-04:00,187,-837,-535,1011,189,81.0
109,W002,30067,2025-06-09 15:47:31.095000-04:00,152,-811,-625,1035,100,79.0
110,W002,30149,2025-06-09 15:47:31.177000-04:00,115,-767,-630,999,58,82.0
111,W002,30228,2025-06-09 15:47:31.256000-04:00,87,-745,-652,994,42,79.0
112,W002,30311,2025-06-09 15:47:31.339000-04:00,100,-735,-675,1003,28,83.0
113,W002,30387,2025-06-09 15:47:31.415000-04:00,95,-714,-691,998,27,76.0
114,W002,30467,2025-06-09 15:47:31.495000-04:00,50,-670,-733,994,75,80.0
115,W002,30547,2025-06-09 15:47:31.575000-04:00,65,-648,-747,991,30,80.0
116,W002,30707,2025-06-09 15:47:31.735000-04:00,101,-641,-741,985,37,160.0
117,W002,30787,2025-06-09 15:47:31.815000-04:00,123,-620,-752,983,32,80.0
118,W002,30867,2025-06-09 15:47:31.895000-04:00,126,-607,-767,986,20,80.0
119,W002,30947,2025-06-09 15:47:31.975000-04:00,120,-625,-784,1010,26,80.0
120,W002,31027,2025-06-09 15:47:32.055000-04:00,124,-648,-788,1027,23,80.0
121,W002,31107,2025-06-09 15:47:32.135000-04:00,134,-644,-766,1009,25,80.0
122,W002,31189,2025-06-09 15:47:32.217000-04:00,129,-692,-733,1017,58,82.0
123,W002,31270,2025-06-09 15:47:32.298000-04:00,129,-725,-751,1052,38,81.0
124,W002,31347,2025-06-09 15:47:32.375000-04:00,130,-737,-892,1165,141,77.0
125,W002,31427,2025-06-09 15:47:32.455000-04:00,170,-736,-928,1196,53,80.0
126,W002,31507,2025-06-09 15:47:32.535000-04:00,255,-685,-800,1083,162,80.0
127,W002,31587,2025-06-09 15:47:32.615000-04:00,276,-649,-746,1027,68,80.0
128,W002,31667,2025-06-09 15:47:32.695000-04:00,260,-624,-761,1017,33,80.0
129,W002,31747,2025-06-09 15:47:32.775000-04:00,256,-617,-755,1008,10,80.0
130,W002,31828,2025-06-09 15:47:32.856000-04:00,259,-619,-742,1000,14,81.0
131,W002,31907,2025-06-09 15:47:32.935000-04:00,259,-622,-755,1012,13,79.0
132,W002,31987,2025-06-09 15:47:33.015000-04:00,251,-615,-773,1019,22,80.0
133,W002,32148,2025-06-09 15:47:33.176000-04:00,256,-606,-774,1016,10,161.0
134,W002,32228,2025-06-09 15:47:33.256000-04:00,266,-600,-766,1009,15,80.0
135,W002,32312,2025-06-09 15:47:33.340000-04:00,271,-597,-760,1004,8,84.0
136,W002,32387,2025-06-09 15:47:33.415000-04:00,266,-593,-759,999,6,75.0
137,W002,32467,2025-06-09 15:47:33.495000-04:00,263,-592,-769,1005,10,80.0
138,W002,32547,2025-06-09 15:47:33.575000-04:00,258,-591,-775,1009,8,80.0
139,W002,32627,2025-06-09 15:47:33.655000-04:00,249,-588,-771,1001,11,80.0
140,W002,32707,2025-06-09 15:47:33.735000-04:00,245,-591,-773,1004,5,80.0
141,W002,32787,2025-06-09 15:47:33.815000-04:00,246,-589,-774,1004,2,80.0
142,W002,32867,2025-06-09 15:47:33.895000-04:00,239,-580,-782,1003,14,80.0
143,W002,32947,2025-06-09 15:47:33.975000-04:00,239,-576,-787,1004,6,80.0
144,W002,33027,2025-06-09 15:47:34.055000-04:00,247,-576,-792,1010,10,80.0
145,W002,33107,2025-06-09 15:47:34.135000-04:00,248,-572,-793,1008,4,80.0
146,W002,33189,2025-06-09 15:47:34.217000-04:00,250,-576,-786,1007,8,82.0
147,W002,33269,2025-06-09 15:47:34.297000-04:00,249,-587,-786,1012,10,80.0
148,W002,33347,2025-06-09 15:47:34.375000-04:00,249,-593,-776,1008,11,78.0
149,W002,33427,2025-06-09 15:47:34.455000-04:00,252,-596,-769,1006,9,80.0
150,W002,33507,2025-06-09 15:47:34.535000-04:00,255,-598,-763,1003,7,80.0
151,W002,33667,2025-06-09 15:47:34.695000-04:00,257,-597,-752,994,11,160.0
152,W002,33747,2025-06-09 15:47:34.775000-04:00,256,-601,-758,1001,8,80.0
153,W002,33827,2025-06-09 15:47:34.855000-04:00,255,-602,-764,1006,6,80.0
154,W002,33907,2025-06-09 15:47:34.935000-04:00,253,-594,-758,996,10,80.0
155,W002,33987,2025-06-09 15:47:35.015000-04:00,249,-596,-763,1000,7,80.0
156,W002,34067,2025-06-09 15:47:35.095000-04:00,256,-612,-778,1022,23,80.0
157,W002,34147,2025-06-09 15:47:35.175000-04:00,326,-631,-768,1046,73,80.0
158,W002,34310,2025-06-09 15:47:35.338000-04:00,341,-674,-693,1025,40,163.0
159,W002,34387,2025-06-09 15:47:35.415000-04:00,293,-630,-603,920,111,77.0
160,W002,34467,2025-06-09 15:47:35.495000-04:00,274,-563,-494,797,130,80.0
161,W002,34547,2025-06-09 15:47:35.575000-04:00,344,-550,-502,820,71,80.0
162,W002,34626,2025-06-09 15:47:35.654000-04:00,430,-580,-529,895,95,79.0
163,W002,34706,2025-06-09 15:47:35.734000-04:00,423,-594,-553,915,29,80.0
164,W002,34786,2025-06-09 15:47:35.814000-04:00,276,-599,-677,945,192,80.0
165,W002,34866,2025-06-09 15:47:35.894000-04:00,180,-639,-820,1055,177,80.0
166,W002,34946,2025-06-09 15:47:35.974000-04:00,219,-666,-848,1101,55,80.0
167,W002,35026,2025-06-09 15:47:36.054000-04:00,329,-652,-804,1086,118,80.0
168,W002,35187,2025-06-09 15:47:36.215000-04:00,460,-658,-767,1110,136,161.0
169,W002,35268,2025-06-09 15:47:36.296000-04:00,476,-603,-707,1044,83,81.0
170,W002,35351,2025-06-09 15:47:36.379000-04:00,274,-492,-457,725,340,83.0
171,W002,35426,2025-06-09 15:47:36.454000-04:00,245,-473,-357,641,106,75.0
172,W002,35506,2025-06-09 15:47:36.534000-04:00,416,-510,-497,825,225,80.0
173,W002,35586,2025-06-09 15:47:36.614000-04:00,454,-542,-585,918,101,80.0
174,W002,35666,2025-06-09 15:47:36.694000-04:00,483,-568,-624,972,55,80.0
175,W002,35747,2025-06-09 15:47:36.775000-04:00,511,-576,-631,995,30,81.0
176,W002,35826,2025-06-09 15:47:36.854000-04:00,522,-582,-612,992,22,79.0
177,W002,35906,2025-06-09 15:47:36.934000-04:00,527,-580,-610,993,6,80.0
178,W002,35986,2025-06-09 15:47:37.014000-04:00,530,-578,-630,1006,21,80.0
179,W002,36066,2025-06-09 15:47:37.094000-04:00,537,-577,-634,1011,8,80.0
180,W002,36146,2025-06-09 15:47:37.174000-04:00,538,-580,-633,1013,3,80.0
181,W002,36228,2025-06-09 15:47:37.256000-04:00,523,-581,-646,1014,20,82.0
182,W002,36308,2025-06-09 15:47:37.336000-04:00,521,-578,-645,1011,3,80.0
183,W002,36391,2025-06-09 15:47:37.419000-04:00,530,-580,-631,1008,16,83.0
184,W002,36472,2025-06-09 15:47:37.500000-04:00,536,-580,-619,1003,14,81.0
185,W002,36626,2025-06-09 15:47:37.654000-04:00,533,-580,-617,1001,3,154.0
186,W002,36706,2025-06-09 15:47:37.734000-04:00,530,-581,-620,1002,5,80.0
187,W002,36786,2025-06-09 15:47:37.814000-04:00,528,-579,-629,1004,10,80.0
188,W002,36866,2025-06-09 15:47:37.894000-04:00,525,-574,-635,1005,8,80.0
189,W002,36946,2025-06-09 15:47:37.974000-04:00,533,-571,-626,1001,12,80.0
190,W002,37026,2025-06-09 15:47:38.054000-04:00,602,-537,-545,974,111,80.0
191,W002,37106,2025-06-09 15:47:38.134000-04:00,620,-527,-547,981,21,80.0
192,W002,37186,2025-06-09 15:47:38.214000-04:00,606,-500,-603,991,64,80.0
193,W002,37268,2025-06-09 15:47:38.296000-04:00,604,-480,-594,974,22,82.0
194,W002,37348,2025-06-09 15:47:38.376000-04:00,552,-531,-617,983,76,80.0
195,W002,37431,2025-06-09 15:47:38.459000-04:00,529,-552,-630,991,34,83.0
196,W002,37512,2025-06-09 15:47:38.540000-04:00,518,-559,-635,992,14,81.0
197,W002,37586,2025-06-09 15:47:38.614000-04:00,511,-569,-637,996,12,74.0
198,W002,37666,2025-06-09 15:47:38.694000-04:00,513,-576,-633,997,8,80.0
199,W002,37746,2025-06-09 15:47:38.774000-04:00,515,-576,-636,1001,4,80.0
200,W002,37826,2025-06-09 15:47:38.854000-04:00,507,-578,-652,1008,18,80.0
201,W002,37906,2025-06-09 15:47:38.934000-04:00,505,-581,-659,1014,8,80.0
202,W002,37986,2025-06-09 15:47:39.014000-04:00,511,-579,-650,1009,11,80.0
203,W002,38146,2025-06-09 15:47:39.174000-04:00,503,-582,-645,1004,10,160.0
204,W002,38226,2025-06-09 15:47:39.254000-04:00,500,-587,-644,1005,6,80.0
205,W002,38308,2025-06-09 15:47:39.336000-04:00,499,-585,-646,1005,3,82.0
206,W002,38388,2025-06-09 15:47:39.416000-04:00,498,-587,-644,1003,3,80.0
207,W002,38472,2025-06-09 15:47:39.500000-04:00,508,-589,-639,1007,12,84.0
208,W002,38552,2025-06-09 15:47:39.580000-04:00,517,-591,-641,1014,9,80.0
209,W002,38626,2025-06-09 15:47:39.654000-04:00,514,-596,-641,1015,6,74.0
210,W002,38706,2025-06-09 15:47:39.734000-04:00,513,-601,-636,1015,7,80.0
211,W002,38786,2025-06-09 15:47:39.814000-04:00,510,-600,-640,1015,4,80.0
212,W002,38866,2025-06-09 15:47:39.894000-04:00,502,-594,-643,1009,11,80.0
213,W002,38946,2025-06-09 15:47:39.974000-04:00,501,-590,-632,999,12,80.0
214,W002,39026,2025-06-09 15:47:40.054000-04:00,512,-587,-625,999,13,80.0
215,W002,39106,2025-06-09 15:47:40.134000-04:00,519,-589,-631,1008,10,80.0
216,W002,39186,2025-06-09 15:47:40.214000-04:00,516,-592,-641,1013,10,80.0
217,W002,39268,2025-06-09 15:47:40.296000-04:00,514,-591,-642,1012,3,82.0
218,W002,39351,2025-06-09 15:47:40.379000-04:00,510,-596,-634,1008,10,83.0
219,W002,39428,2025-06-09 15:47:40.456000-04:00,508,-597,-626,1003,8,77.0
220,W002,39511,2025-06-09 15:47:40.539000-04:00,506,-568,-629,987,29,83.0
221,W002,39666,2025-06-09 15:47:40.694000-04:00,498,-616,-589,988,63,155.0
222,W002,39746,2025-06-09 15:47:40.774000-04:00,527,-672,-592,1039,63,80.0
223,W002,39826,2025-06-09 15:47:40.854000-04:00,461,-680,-753,1115,175,80.0
224,W002,39906,2025-06-09 15:47:40.934000-04:00,404,-677,-801,1123,74,80.0
225,W002,39986,2025-06-09 15:47:41.014000-04:00,463,-628,-701,1049,126,80.0
226,W002,40066,2025-06-09 15:47:41.094000-04:00,492,-607,-662,1024,53,80.0
227,W002,40146,2025-06-09 15:47:41.174000-04:00,506,-601,-658,1025,15,80.0
228,W002,40226,2025-06-09 15:47:41.254000-04:00,510,-594,-654,1020,9,80.0
229,W002,40307,2025-06-09 15:47:41.335000-04:00,511,-589,-651,1016,6,81.0
230,W002,40391,2025-06-09 15:47:41.419000-04:00,511,-590,-648,1015,4,84.0
231,W002,40467,2025-06-09 15:47:41.495000-04:00,513,-596,-638,1012,12,76.0
232,W002,40551,2025-06-09 15:47:41.579000-04:00,514,-601,-629,1011,10,84.0
233,W002,40626,2025-06-09 15:47:41.654000-04:00,517,-601,-628,1011,3,75.0
234,W002,40705,2025-06-09 15:47:41.733000-04:00,523,-603,-634,1019,8,79.0
235,W002,40785,2025-06-09 15:47:41.813000-04:00,521,-600,-632,1015,3,80.0
236,W002,40865,2025-06-09 15:47:41.893000-04:00,516,-598,-624,1007,10,80.0
237,W002,40945,2025-06-09 15:47:41.973000-04:00,522,-600,-619,1008,8,80.0
238,W002,41105,2025-06-09 15:47:42.133000-04:00,525,-597,-612,1003,9,160.0
239,W002,41185,2025-06-09 15:47:42.213000-04:00,522,-595,-613,1001,3,80.0
240,W002,41265,2025-06-09 15:47:42.293000-04:00,524,-598,-621,1009,9,80.0
241,W002,41347,2025-06-09 15:47:42.375000-04:00,523,-598,-629,1013,7,82.0
242,W002,41430,2025-06-09 15:47:42.458000-04:00,516,-601,-632,1013,8,83.0
243,W002,41507,2025-06-09 15:47:42.535000-04:00,510,-602,-630,1010,6,77.0
244,W002,41590,2025-06-09 15:47:42.618000-04:00,506,-601,-628,1006,5,83.0
245,W002,41665,2025-06-09 15:47:42.693000-04:00,505,-605,-625,1006,5,75.0
246,W002,41745,2025-06-09 15:47:42.773000-04:00,510,-607,-626,1010,5,80.0
247,W002,41825,2025-06-09 15:47:42.853000-04:00,512,-602,-632,1012,8,80.0
248,W002,41905,2025-06-09 15:47:42.933000-04:00,513,-599,-630,1009,4,80.0
249,W002,41985,2025-06-09 15:47:43.013000-04:00,516,-598,-624,1007,7,80.0
250,W002,42065,2025-06-09 15:47:43.093000-04:00,522,-596,-619,1006,8,80.0
251,W002,42145,2025-06-09 15:47:43.173000-04:00,525,-594,-623,1008,5,80.0
252,W002,42225,2025-06-09 15:47:43.253000-04:00,500,-606,-657,1024,43,80.0
253,W002,42305,2025-06-09 15:47:43.333000-04:00,553,-508,-571,943,141,80.0
254,W002,42386,2025-06-09 15:47:43.414000-04:00,690,-396,-444,911,217,81.0
255,W002,42469,2025-06-09 15:47:43.497000-04:00,717,-422,-513,977,78,83.0
256,W002,42629,2025-06-09 15:47:43.657000-04:00,637,-487,-603,1003,137,160.0
257,W002,42705,2025-06-09 15:47:43.733000-04:00,571,-546,-616,1002,89,76.0
258,W002,42785,2025-06-09 15:47:43.813000-04:00,548,-576,-623,1010,38,80.0
259,W002,42865,2025-06-09 15:47:43.893000-04:00,540,-589,-619,1010,15,80.0
260,W002,42945,2025-06-09 15:47:43.973000-04:00,534,-590,-613,1005,9,80.0
261,W002,43025,2025-06-09 15:47:44.053000-04:00,532,-591,-606,1000,7,80.0
262,W002,43105,2025-06-09 15:47:44.133000-04:00,527,-595,-618,1007,13,80.0
263,W002,43185,2025-06-09 15:47:44.213000-04:00,521,-597,-631,1013,15,80.0
264,W002,43265,2025-06-09 15:47:44.293000-04:00,521,-600,-623,1009,9,80.0
265,W002,43345,2025-06-09 15:47:44.373000-04:00,520,-600,-623,1009,1,80.0
266,W002,43426,2025-06-09 15:47:44.454000-04:00,516,-595,-622,1004,6,81.0
267,W002,43508,2025-06-09 15:47:44.536000-04:00,520,-597,-619,1005,5,82.0
268,W002,43668,2025-06-09 15:47:44.696000-04:00,521,-598,-623,1008,3,160.0
269,W002,43745,2025-06-09 15:47:44.773000-04:00,523,-595,-620,1006,5,77.0
270,W002,43830,2025-06-09 15:47:44.858000-04:00,521,-595,-626,1009,6,85.0
271,W002,43905,2025-06-09 15:47:44.933000-04:00,516,-596,-625,1006,5,75.0
272,W002,43985,2025-06-09 15:47:45.013000-04:00,513,-596,-622,1002,5,80.0
273,W002,44145,2025-06-09 15:47:45.173000-04:00,511,-602,-628,1009,9,160.0
274,W002,44225,2025-06-09 15:47:45.253000-04:00,517,-603,-624,1010,7,80.0
275,W002,44305,2025-06-09 15:47:45.333000-04:00,522,-598,-616,1005,11,80.0
276,W002,44385,2025-06-09 15:47:45.413000-04:00,522,-598,-614,1003,3,80.0
277,W002,44465,2025-06-09 15:47:45.493000-04:00,523,-596,-614,1003,2,80.0
278,W002,44547,2025-06-09 15:47:45.575000-04:00,518,-594,-613,998,5,82.0
279,W002,44630,2025-06-09 15:47:45.658000-04:00,516,-594,-615,998,3,83.0
280,W002,44707,2025-06-09 15:47:45.735000-04:00,521,-597,-613,1002,6,77.0
281,W002,44790,2025-06-09 15:47:45.818000-04:00,522,-596,-614,1003,2,83.0
282,W002,44871,2025-06-09 15:47:45.899000-04:00,523,-596,-618,1005,4,81.0
283,W002,44945,2025-06-09 15:47:45.973000-04:00,461,-638,-674,1036,93,74.0
284,W002,45025,2025-06-09 15:47:46.053000-04:00,383,-705,-806,1137,168,80.0
285,W002,45105,2025-06-09 15:47:46.133000-04:00,412,-692,-796,1132,34,80.0
286,W002,45185,2025-06-09 15:47:46.213000-04:00,435,-695,-695,1075,103,80.0
287,W002,45265,2025-06-09 15:47:46.293000-04:00,445,-705,-658,1062,40,80.0
288,W002,45345,2025-06-09 15:47:46.373000-04:00,484,-654,-630,1029,70,80.0
289,W002,45425,2025-06-09 15:47:46.453000-04:00,500,-629,-630,1021,30,80.0
290,W002,45505,2025-06-09 15:47:46.533000-04:00,512,-618,-632,1021,17,80.0
291,W002,45586,2025-06-09 15:47:46.614000-04:00,509,-610,-609,1001,24,81.0
292,W002,45746,2025-06-09 15:47:46.774000-04:00,508,-603,-601,991,11,160.0
293,W002,45829,2025-06-09 15:47:46.857000-04:00,521,-595,-613,1000,19,83.0
294,W002,45905,2025-06-09 15:47:46.933000-04:00,524,-591,-617,1003,7,76.0
295,W002,45985,2025-06-09 15:47:47.013000-04:00,523,-596,-613,1002,6,80.0
296,W002,46065,2025-06-09 15:47:47.093000-04:00,521,-601,-615,1006,6,80.0
297,W002,46145,2025-06-09 15:47:47.173000-04:00,518,-601,-615,1004,3,80.0
298,W002,46225,2025-06-09 15:47:47.253000-04:00,517,-601,-614,1003,2,80.0
299,W002,46305,2025-06-09 15:47:47.333000-04:00,519,-598,-612,1001,5,80.0
300,W002,46385,2025-06-09 15:47:47.413000-04:00,522,-595,-604,995,8,80.0
301,W002,46465,2025-06-09 15:47:47.493000-04:00,523,-596,-607,999,3,80.0
302,W002,46544,2025-06-09 15:47:47.572000-04:00,517,-598,-603,994,7,79.0
303,W002,46625,2025-06-09 15:47:47.653000-04:00,513,-599,-601,992,4,81.0
304,W002,46708,2025-06-09 15:47:47.736000-04:00,514,-599,-608,997,7,83.0
305,W002,46868,2025-06-09 15:47:47.896000-04:00,520,-599,-597,993,11,160.0
306,W002,46944,2025-06-09 15:47:47.972000-04:00,525,-599,-598,996,5,76.0
307,W002,47024,2025-06-09 15:47:48.052000-04:00,521,-600,-607,1000,10,80.0
308,W002,47104,2025-06-09 15:47:48.132000-04:00,516,-599,-613,1000,7,80.0
309,W002,47264,2025-06-09 15:47:48.292000-04:00,516,-598,-617,1002,5,160.0
310,W002,47344,2025-06-09 15:47:48.372000-04:00,521,-601,-619,1008,6,80.0
311,W002,47424,2025-06-09 15:47:48.452000-04:00,526,-601,-623,1014,7,80.0
312,W002,47504,2025-06-09 15:47:48.532000-04:00,523,-598,-628,1013,7,80.0
313,W002,47584,2025-06-09 15:47:48.612000-04:00,522,-600,-625,1012,3,80.0
314,W002,47664,2025-06-09 15:47:48.692000-04:00,523,-592,-632,1012,11,80.0
315,W002,47747,2025-06-09 15:47:48.775000-04:00,594,-532,-617,1008,94,83.0
316,W002,47830,2025-06-09 15:47:48.858000-04:00,635,-472,-602,994,74,83.0
317,W002,47907,2025-06-09 15:47:48.935000-04:00,557,-528,-622,987,98,77.0
318,W002,47990,2025-06-09 15:47:49.018000-04:00,513,-595,-619,1000,80,83.0
319,W002,48070,2025-06-09 15:47:49.098000-04:00,520,-600,-608,999,14,80.0
320,W002,48144,2025-06-09 15:47:49.172000-04:00,522,-604,-614,1007,8,74.0
321,W002,48224,2025-06-09 15:47:49.252000-04:00,516,-606,-626,1013,13,80.0
322,W002,48304,2025-06-09 15:47:49.332000-04:00,511,-607,-622,1008,7,80.0
323,W002,48384,2025-06-09 15:47:49.412000-04:00,511,-602,-607,996,16,80.0
324,W002,48464,2025-06-09 15:47:49.492000-04:00,514,-602,-604,995,4,80.0
325,W002,48544,2025-06-09 15:47:49.572000-04:00,517,-604,-608,1001,5,80.0
326,W002,48625,2025-06-09 15:47:49.653000-04:00,525,-603,-609,1004,8,81.0
327,W002,48786,2025-06-09 15:47:49.814000-04:00,531,-603,-609,1008,7,161.0
328,W002,48868,2025-06-09 15:47:49.896000-04:00,531,-600,-602,1002,8,82.0
329,W002,48945,2025-06-09 15:47:49.973000-04:00,524,-599,-610,1003,11,77.0
330,W002,49028,2025-06-09 15:47:50.056000-04:00,514,-597,-616,1000,11,83.0
331,W002,49104,2025-06-09 15:47:50.132000-04:00,512,-594,-615,996,4,76.0
332,W002,49184,2025-06-09 15:47:50.212000-04:00,512,-598,-619,1002,6,80.0
333,W002,49264,2025-06-09 15:47:50.292000-04:00,512,-603,-612,1000,9,80.0
334,W002,49344,2025-06-09 15:47:50.372000-04:00,513,-603,-613,1001,1,80.0
335,W002,49424,2025-06-09 15:47:50.452000-04:00,512,-601,-613,1000,2,80.0
336,W002,49504,2025-06-09 15:47:50.532000-04:00,514,-596,-614,999,5,80.0
337,W002,49584,2025-06-09 15:47:50.612000-04:00,517,-592,-614,997,5,80.0
338,W002,49664,2025-06-09 15:47:50.692000-04:00,513,-595,-608,994,7,80.0
339,W002,49744,2025-06-09 15:47:50.772000-04:00,510,-604,-608,997,9,80.0
340,W002,49824,2025-06-09 15:47:50.852000-04:00,514,-607,-605,1000,5,80.0
341,W002,49907,2025-06-09 15:47:50.935000-04:00,513,-603,-609,999,5,83.0
342,W002,50067,2025-06-09 15:47:51.095000-04:00,510,-601,-618,1001,4,160.0
343,W002,50150,2025-06-09 15:47:51.178000-04:00,512,-594,-610,994,10,83.0
344,W002,50304,2025-06-09 15:47:51.332000-04:00,504,-636,-692,1066,92,154.0
345,W002,50384,2025-06-09 15:47:51.412000-04:00,417,-716,-829,1173,181,80.0
346,W002,50464,2025-06-09 15:47:51.492000-04:00,402,-726,-767,1130,65,80.0
347,W002,50544,2025-06-09 15:47:51.572000-04:00,379,-752,-781,1149,37,80.0
348,W002,50624,2025-06-09 15:47:51.652000-04:00,352,-753,-837,1180,63,80.0
349,W002,50704,2025-06-09 15:47:51.732000-04:00,445,-670,-719,1079,172,80.0
350,W002,50784,2025-06-09 15:47:51.812000-04:00,485,-638,-663,1040,76,80.0
351,W002,50864,2025-06-09 15:47:51.892000-04:00,498,-628,-643,1027,26,80.0
352,W002,50945,2025-06-09 15:47:51.973000-04:00,501,-616,-627,1012,20,81.0
353,W002,51029,2025-06-09 15:47:52.057000-04:00,505,-610,-621,1006,9,84.0
354,W002,51105,2025-06-09 15:47:52.133000-04:00,505,-608,-610,999,10,76.0
355,W002,51188,2025-06-09 15:47:52.216000-04:00,503,-602,-607,992,7,83.0
356,W002,51264,2025-06-09 15:47:52.292000-04:00,510,-602,-610,997,8,76.0
357,W002,51344,2025-06-09 15:47:52.372000-04:00,516,-606,-616,1006,9,80.0
358,W002,51424,2025-06-09 15:47:52.452000-04:00,517,-607,-615,1006,2,80.0
359,W002,51504,2025-06-09 15:47:52.532000-04:00,512,-605,-609,999,8,80.0
360,W002,51584,2025-06-09 15:47:52.612000-04:00,510,-607,-609,1000,3,80.0
361,W002,51664,2025-06-09 15:47:52.692000-04:00,518,-612,-607,1006,10,80.0
362,W002,51824,2025-06-09 15:47:52.852000-04:00,524,-614,-603,1007,7,160.0
363,W002,51904,2025-06-09 15:47:52.932000-04:00,524,-611,-610,1010,7,80.0
364,W002,51984,2025-06-09 15:47:53.012000-04:00,526,-607,-619,1014,10,80.0
365,W002,52067,2025-06-09 15:47:53.095000-04:00,529,-600,-613,1008,10,83.0
366,W002,52227,2025-06-09 15:47:53.255000-04:00,526,-602,-608,1004,5,160.0
367,W002,52310,2025-06-09 15:47:53.338000-04:00,528,-604,-604,1004,4,83.0
368,W002,52388,2025-06-09 15:47:53.416000-04:00,528,-603,-600,1001,5,78.0
369,W002,52464,2025-06-09 15:47:53.492000-04:00,530,-607,-592,1000,9,76.0
370,W002,52544,2025-06-09 15:47:53.572000-04:00,523,-613,-593,1001,8,80.0
371,W002,52623,2025-06-09 15:47:53.651000-04:00,518,-611,-597,999,6,79.0
372,W002,52703,2025-06-09 15:47:53.731000-04:00,522,-612,-596,1001,4,80.0
373,W002,52783,2025-06-09 15:47:53.811000-04:00,519,-611,-596,999,4,80.0
374,W002,52863,2025-06-09 15:47:53.891000-04:00,541,-628,-519,978,82,80.0
375,W002,52943,2025-06-09 15:47:53.971000-04:00,507,-638,-453,932,74,80.0
376,W002,53023,2025-06-09 15:47:54.051000-04:00,495,-635,-582,994,130,80.0
377,W002,53105,2025-06-09 15:47:54.133000-04:00,568,-584,-688,1067,139,82.0
378,W002,53188,2025-06-09 15:47:54.216000-04:00,576,-547,-662,1034,46,83.0
379,W002,53348,2025-06-09 15:47:54.376000-04:00,545,-579,-639,1020,50,160.0
380,W002,53423,2025-06-09 15:47:54.451000-04:00,527,-597,-626,1013,28,75.0
381,W002,53503,2025-06-09 15:47:54.531000-04:00,524,-601,-616,1008,12,80.0
382,W002,53583,2025-06-09 15:47:54.611000-04:00,524,-599,-609,1003,7,80.0
383,W002,53663,2025-06-09 15:47:54.691000-04:00,526,-595,-604,998,7,80.0
384,W002,53743,2025-06-09 15:47:54.771000-04:00,528,-595,-602,997,3,80.0
385,W002,53823,2025-06-09 15:47:54.851000-04:00,523,-605,-607,1004,12,80.0
386,W002,53903,2025-06-09 15:47:54.931000-04:00,521,-607,-608,1005,3,80.0
387,W002,53983,2025-06-09 15:47:55.011000-04:00,525,-602,-610,1005,6,80.0
388,W002,54063,2025-06-09 15:47:55.091000-04:00,527,-603,-616,1010,6,80.0
389,W002,54144,2025-06-09 15:47:55.172000-04:00,519,-605,-608,1003,11,81.0
390,W002,54227,2025-06-09 15:47:55.255000-04:00,507,-602,-606,993,13,83.0
391,W002,54386,2025-06-09 15:47:55.414000-04:00,510,-597,-614,997,5,159.0
392,W002,54469,2025-06-09 15:47:55.497000-04:00,513,-601,-611,999,5,83.0
393,W002,54548,2025-06-09 15:47:55.576000-04:00,510,-605,-607,998,7,79.0
394,W002,54623,2025-06-09 15:47:55.651000-04:00,506,-605,-595,988,13,75.0
395,W002,54703,2025-06-09 15:47:55.731000-04:00,508,-601,-589,983,7,80.0
396,W002,54863,2025-06-09 15:47:55.891000-04:00,510,-601,-592,986,3,160.0
397,W002,54943,2025-06-09 15:47:55.971000-04:00,513,-606,-592,990,5,80.0
398,W002,55023,2025-06-09 15:47:56.051000-04:00,519,-608,-595,996,7,80.0
399,W002,55103,2025-06-09 15:47:56.131000-04:00,520,-605,-599,998,5,80.0
400,W002,55183,2025-06-09 15:47:56.211000-04:00,519,-599,-601,994,6,80.0
401,W002,55265,2025-06-09 15:47:56.293000-04:00,519,-602,-607,1000,7,82.0
402,W002,55348,2025-06-09 15:47:56.376000-04:00,516,-605,-617,1006,10,83.0
403,W002,55424,2025-06-09 15:47:56.452000-04:00,509,-604,-621,1005,9,76.0
404,W002,55508,2025-06-09 15:47:56.536000-04:00,508,-604,-612,999,9,84.0
405,W002,55583,2025-06-09 15:47:56.611000-04:00,511,-627,-589,1000,32,75.0
406,W002,55663,2025-06-09 15:47:56.691000-04:00,456,-644,-725,1071,148,80.0
407,W002,55743,2025-06-09 15:47:56.771000-04:00,496,-593,-727,1061,64,80.0
408,W002,55823,2025-06-09 15:47:56.851000-04:00,548,-588,-632,1023,108,80.0
409,W002,55903,2025-06-09 15:47:56.931000-04:00,505,-622,-662,1040,63,80.0
410,W002,55983,2025-06-09 15:47:57.011000-04:00,509,-619,-627,1017,36,80.0
411,W002,56063,2025-06-09 15:47:57.091000-04:00,510,-618,-611,1008,16,80.0
412,W002,56143,2025-06-09 15:47:57.171000-04:00,518,-617,-608,1009,9,80.0
413,W002,56223,2025-06-09 15:47:57.251000-04:00,528,-616,-609,1014,10,80.0
414,W002,56303,2025-06-09 15:47:57.331000-04:00,528,-612,-602,1008,8,80.0
415,W002,56469,2025-06-09 15:47:57.497000-04:00,521,-613,-596,1002,8,166.0
416,W002,56546,2025-06-09 15:47:57.574000-04:00,522,-612,-602,1005,6,77.0
417,W002,56629,2025-06-09 15:47:57.657000-04:00,532,-607,-604,1008,11,83.0
418,W002,56708,2025-06-09 15:47:57.736000-04:00,532,-602,-605,1005,5,79.0
419,W002,56783,2025-06-09 15:47:57.811000-04:00,524,-600,-605,1000,8,75.0
420,W002,56863,2025-06-09 15:47:57.891000-04:00,526,-602,-605,1003,3,80.0
421,W002,56943,2025-06-09 15:47:57.971000-04:00,526,-608,-603,1005,6,80.0
422,W002,57023,2025-06-09 15:47:58.051000-04:00,522,-613,-592,999,13,80.0
423,W002,57104,2025-06-09 15:47:58.132000-04:00,531,-611,-583,998,12,81.0
424,W002,57183,2025-06-09 15:47:58.211000-04:00,531,-605,-587,996,7,79.0
425,W002,57263,2025-06-09 15:47:58.291000-04:00,525,-604,-596,998,11,80.0
426,W002,57343,2025-06-09 15:47:58.371000-04:00,521,-610,-592,997,8,80.0
427,W002,57424,2025-06-09 15:47:58.452000-04:00,517,-613,-586,994,7,81.0
428,W002,57507,2025-06-09 15:47:58.535000-04:00,516,-609,-597,997,11,83.0
429,W002,57667,2025-06-09 15:47:58.695000-04:00,521,-614,-610,1010,12,160.0
430,W002,57743,2025-06-09 15:47:58.771000-04:00,529,-615,-614,1017,10,76.0
431,W002,57823,2025-06-09 15:47:58.851000-04:00,534,-611,-611,1016,6,80.0
432,W002,57983,2025-06-09 15:47:59.011000-04:00,532,-610,-615,1016,3,160.0
433,W002,58063,2025-06-09 15:47:59.091000-04:00,532,-611,-609,1013,6,80.0
434,W002,58143,2025-06-09 15:47:59.171000-04:00,526,-606,-596,1000,14,80.0
435,W002,58223,2025-06-09 15:47:59.251000-04:00,518,-604,-595,993,9,80.0
436,W002,58303,2025-06-09 15:47:59.331000-04:00,520,-604,-605,1000,10,80.0
437,W002,58383,2025-06-09 15:47:59.411000-04:00,509,-608,-627,1011,25,80.0
438,W002,58462,2025-06-09 15:47:59.490000-04:00,510,-621,-596,1000,34,79.0
439,W002,58545,2025-06-09 15:47:59.573000-04:00,553,-635,-542,1002,70,83.0
440,W002,58628,2025-06-09 15:47:59.656000-04:00,563,-633,-553,1012,15,83.0
441,W002,58705,2025-06-09 15:47:59.733000-04:00,537,-617,-578,1002,39,77.0
442,W002,58788,2025-06-09 15:47:59.816000-04:00,525,-612,-591,999,18,83.0
443,W002,58862,2025-06-09 15:47:59.890000-04:00,516,-613,-596,999,11,74.0
444,W002,58942,2025-06-09 15:47:59.970000-04:00,511,-613,-597,997,4,80.0
445,W002,59062,2025-06-09 15:48:00.090000-04:00,513,-610,-593,993,5,120.0
446,W002,59102,2025-06-09 15:48:00.130000-04:00,514,-606,-588,989,7,40.0
447,W002,59182,2025-06-09 15:48:00.210000-04:00,516,-604,-588,989,2,80.0
448,W002,59262,2025-06-09 15:48:00.290000-04:00,519,-606,-594,995,7,80.0
449,W002,59342,2025-06-09 15:48:00.370000-04:00,521,-605,-601,999,7,80.0
450,W002,59422,2025-06-09 15:48:00.450000-04:00,522,-603,-598,997,3,80.0
451,W002,59583,2025-06-09 15:48:00.611000-04:00,521,-608,-594,997,6,161.0
452,W002,59666,2025-06-09 15:48:00.694000-04:00,521,-609,-603,1003,9,83.0
453,W002,59826,2025-06-09 15:48:00.854000-04:00,514,-608,-606,1001,6,160.0
454,W002,59902,2025-06-09 15:48:00.930000-04:00,520,-609,-598,1000,9,76.0
455,W002,59987,2025-06-09 15:48:01.015000-04:00,524,-608,-599,1002,4,85.0
456,W002,60062,2025-06-09 15:48:01.090000-04:00,526,-606,-596,999,4,75.0
457,W002,60142,2025-06-09 15:48:01.170000-04:00,521,-601,-593,993,7,80.0
458,W002,60222,2025-06-09 15:48:01.250000-04:00,516,-604,-603,997,11,80.0
459,W002,60302,2025-06-09 15:48:01.330000-04:00,517,-605,-617,1007,14,80.0
460,W002,60382,2025-06-09 15:48:01.410000-04:00,515,-606,-616,1006,2,80.0
461,W002,60462,2025-06-09 15:48:01.490000-04:00,519,-611,-606,1005,11,80.0
462,W002,60542,2025-06-09 15:48:01.570000-04:00,524,-609,-599,1003,9,80.0
463,W002,60622,2025-06-09 15:48:01.650000-04:00,521,-604,-603,1000,7,80.0
464,W002,60705,2025-06-09 15:48:01.733000-04:00,520,-603,-602,998,2,83.0
465,W002,60788,2025-06-09 15:48:01.816000-04:00,520,-607,-592,995,11,83.0
466,W002,60865,2025-06-09 15:48:01.893000-04:00,522,-613,-592,999,5,77.0
467,W002,60947,2025-06-09 15:48:01.975000-04:00,526,-613,-600,1006,9,82.0
468,W002,61102,2025-06-09 15:48:02.130000-04:00,547,-613,-595,1015,22,155.0
469,W002,61182,2025-06-09 15:48:02.210000-04:00,584,-591,-590,1019,42,80.0
470,W002,61262,2025-06-09 15:48:02.290000-04:00,540,-584,-664,1036,86,80.0
471,W002,61342,2025-06-09 15:48:02.370000-04:00,506,-627,-659,1041,55,80.0
472,W002,61422,2025-06-09 15:48:02.450000-04:00,531,-641,-582,1016,81,80.0
473,W002,61502,2025-06-09 15:48:02.530000-04:00,531,-627,-580,1006,14,80.0
474,W002,61582,2025-06-09 15:48:02.610000-04:00,529,-620,-579,1000,8,80.0
475,W002,61662,2025-06-09 15:48:02.690000-04:00,533,-611,-580,997,10,80.0
476,W002,61743,2025-06-09 15:48:02.771000-04:00,540,-611,-579,1000,6,81.0
477,W002,61826,2025-06-09 15:48:02.854000-04:00,545,-613,-578,1004,5,83.0
478,W002,61986,2025-06-09 15:48:03.014000-04:00,554,-613,-587,1013,5,160.0
479,W002,62062,2025-06-09 15:48:03.090000-04:00,549,-610,-582,1006,7,76.0
480,W002,62147,2025-06-09 15:48:03.175000-04:00,541,-619,-574,1002,15,85.0
481,W002,62222,2025-06-09 15:48:03.250000-04:00,539,-623,-575,1005,5,75.0
482,W002,62302,2025-06-09 15:48:03.330000-04:00,536,-620,-584,1006,10,80.0
483,W002,62383,2025-06-09 15:48:03.411000-04:00,531,-621,-580,1002,6,81.0
484,W002,62462,2025-06-09 15:48:03.490000-04:00,528,-624,-573,998,8,79.0
485,W002,62622,2025-06-09 15:48:03.650000-04:00,531,-620,-577,1000,6,160.0
486,W002,62702,2025-06-09 15:48:03.730000-04:00,537,-618,-575,1001,7,80.0
487,W002,62782,2025-06-09 15:48:03.810000-04:00,538,-621,-570,1000,6,80.0
488,W002,62864,2025-06-09 15:48:03.892000-04:00,540,-623,-570,1002,3,82.0
489,W002,62948,2025-06-09 15:48:03.976000-04:00,544,-618,-570,1001,6,84.0
490,W002,63024,2025-06-09 15:48:04.052000-04:00,547,-612,-565,997,9,76.0
491,W002,63107,2025-06-09 15:48:04.135000-04:00,551,-615,-563,999,5,83.0
492,W002,63182,2025-06-09 15:48:04.210000-04:00,545,-619,-573,1004,13,75.0
493,W002,63262,2025-06-09 15:48:04.290000-04:00,535,-619,-573,998,10,80.0
494,W002,63342,2025-06-09 15:48:04.370000-04:00,531,-614,-577,995,8,80.0
495,W002,63422,2025-06-09 15:48:04.450000-04:00,528,-614,-592,1003,16,80.0
496,W002,63502,2025-06-09 15:48:04.530000-04:00,528,-616,-590,1003,3,80.0
497,W002,63582,2025-06-09 15:48:04.610000-04:00,530,-614,-586,1000,5,80.0
498,W002,63662,2025-06-09 15:48:04.690000-04:00,536,-633,-614,1032,34,80.0
499,W002,63742,2025-06-09 15:48:04.770000-04:00,564,-596,-624,1031,47,80.0
0,W034,103,2025-06-09 13:11:11.719000-04:00,-73,-795,-603,1000,10,
1,W034,150,2025-06-09 13:11:11.766000-04:00,-70,-803,-584,996,20,47.0
2,W034,230,2025-06-09 13:11:11.846000-04:00,-65,-800,-580,990,8,80.0
3,W034,310,2025-06-09 13:11:11.926000-04:00,-68,-804,-586,997,8,80.0
4,W034,390,2025-06-09 13:11:12.006000-04:00,-73,-817,-581,1005,15,80.0
5,W034,470,2025-06-09 13:11:12.086000-04:00,-71,-819,-575,1003,6,80.0
6,W034,550,2025-06-09 13:11:12.166000-04:00,-69,-812,-577,999,7,80.0
7,W034,630,2025-06-09 13:11:12.246000-04:00,-67,-816,-583,1005,7,80.0
8,W034,710,2025-06-09 13:11:12.326000-04:00,-62,-817,-588,1008,7,80.0
9,W034,790,2025-06-09 13:11:12.406000-04:00,-66,-812,-592,1007,8,80.0
10,W034,870,2025-06-09 13:11:12.486000-04:00,-68,-810,-589,1004,4,80.0
11,W034,950,2025-06-09 13:11:12.566000-04:00,-73,-810,-585,1002,6,80.0
12,W034,1030,2025-06-09 13:11:12.646000-04:00,-58,-658,-529,847,163,80.0
13,W034,1110,2025-06-09 13:11:12.726000-04:00,-8,-570,-479,745,113,80.0
14,W034,1190,2025-06-09 13:11:12.806000-04:00,-17,-686,-532,868,128,80.0
15,W034,1270,2025-06-09 13:11:12.886000-04:00,-76,-751,-550,934,90,80.0
16,W034,1350,2025-06-09 13:11:12.966000-04:00,-99,-783,-518,944,51,80.0
17,W034,1430,2025-06-09 13:11:13.046000-04:00,-87,-805,-526,966,26,80.0
18,W034,1510,2025-06-09 13:11:13.126000-04:00,-70,-811,-554,985,33,80.0
19,W034,1591,2025-06-09 13:11:13.207000-04:00,-68,-820,-572,1002,20,81.0
20,W034,1671,2025-06-09 13:11:13.287000-04:00,-67,-830,-574,1011,10,80.0
21,W034,1752,2025-06-09 13:11:13.368000-04:00,-69,-829,-573,1010,2,81.0
22,W034,1834,2025-06-09 13:11:13.450000-04:00,-71,-826,-577,1010,5,82.0
23,W034,1910,2025-06-09 13:11:13.526000-04:00,-67,-822,-572,1004,7,76.0
24,W034,1990,2025-06-09 13:11:13.606000-04:00,-64,-815,-570,997,8,80.0
25,W034,2075,2025-06-09 13:11:13.691000-04:00,-61,-814,-569,995,3,85.0
26,W034,2150,2025-06-09 13:11:13.766000-04:00,-59,-814,-559,989,10,75.0
27,W034,2230,2025-06-09 13:11:13.846000-04:00,-63,-815,-563,993,6,80.0
28,W034,2310,2025-06-09 13:11:13.926000-04:00,-71,-814,-574,999,14,80.0
29,W034,2390,2025-06-09 13:11:14.006000-04:00,-72,-810,-583,1000,9,80.0
30,W034,2470,2025-06-09 13:11:14.086000-04:00,-65,-813,-584,1003,8,80.0
31,W034,2550,2025-06-09 13:11:14.166000-04:00,-65,-812,-586,1003,2,80.0
32,W034,2630,2025-06-09 13:11:14.246000-04:00,-69,-808,-592,1004,8,80.0
33,W034,2710,2025-06-09 13:11:14.326000-04:00,-67,-811,-598,1010,7,80.0
34,W034,2791,2025-06-09 13:11:14.407000-04:00,-68,-811,-593,1007,5,81.0
35,W034,2870,2025-06-09 13:11:14.486000-04:00,-69,-813,-588,1006,5,79.0
36,W034,2950,2025-06-09 13:11:14.566000-04:00,-65,-818,-590,1011,7,80.0
37,W034,3030,2025-06-09 13:11:14.646000-04:00,-62,-814,-584,1004,8,80.0
38,W034,3110,2025-06-09 13:11:14.726000-04:00,-65,-809,-572,993,12,80.0
39,W034,3190,2025-06-09 13:11:14.806000-04:00,-62,-808,-562,986,11,80.0
40,W034,3270,2025-06-09 13:11:14.886000-04:00,-59,-810,-567,991,7,80.0
41,W034,3350,2025-06-09 13:11:14.966000-04:00,-61,-811,-572,994,5,80.0
42,W034,3431,2025-06-09 13:11:15.047000-04:00,-66,-808,-568,990,7,81.0
43,W034,3591,2025-06-09 13:11:15.207000-04:00,-65,-805,-568,987,5,160.0
44,W034,3673,2025-06-09 13:11:15.289000-04:00,-69,-807,-582,997,14,82.0
45,W034,3755,2025-06-09 13:11:15.371000-04:00,-69,-804,-578,992,5,82.0
46,W034,3829,2025-06-09 13:11:15.445000-04:00,-65,-799,-570,983,10,74.0
47,W034,3914,2025-06-09 13:11:15.530000-04:00,-62,-799,-576,987,7,85.0
48,W034,3989,2025-06-09 13:11:15.605000-04:00,-60,-800,-578,989,3,75.0
49,W034,4069,2025-06-09 13:11:15.685000-04:00,-69,-804,-570,988,12,80.0
50,W034,4149,2025-06-09 13:11:15.765000-04:00,-76,-806,-562,986,11,80.0
51,W034,4229,2025-06-09 13:11:15.845000-04:00,-72,-807,-563,986,4,80.0
52,W034,4309,2025-06-09 13:11:15.925000-04:00,-65,-805,-566,986,8,80.0
53,W034,4389,2025-06-09 13:11:16.005000-04:00,-66,-803,-571,987,6,80.0
54,W034,4469,2025-06-09 13:11:16.085000-04:00,-63,-800,-583,992,12,80.0
55,W034,4549,2025-06-09 13:11:16.165000-04:00,-65,-809,-621,1022,39,80.0
56,W034,4629,2025-06-09 13:11:16.245000-04:00,-60,-812,-649,1041,29,80.0
57,W034,4709,2025-06-09 13:11:16.325000-04:00,-55,-691,-486,847,203,80.0
58,W034,4789,2025-06-09 13:11:16.405000-04:00,-62,-622,-330,706,171,80.0
59,W034,4869,2025-06-09 13:11:16.485000-04:00,-62,-704,-434,829,133,80.0
60,W034,4949,2025-06-09 13:11:16.565000-04:00,-63,-761,-550,941,129,80.0
61,W034,5029,2025-06-09 13:11:16.645000-04:00,-70,-784,-568,971,31,80.0
62,W034,5109,2025-06-09 13:11:16.725000-04:00,-77,-795,-576,985,15,80.0
63,W034,5189,2025-06-09 13:11:16.805000-04:00,-73,-801,-588,996,13,80.0
64,W034,5270,2025-06-09 13:11:16.886000-04:00,-70,-798,-592,996,6,81.0
65,W034,5431,2025-06-09 13:11:17.047000-04:00,-60,-797,-585,990,7,161.0
66,W034,5513,2025-06-09 13:11:17.129000-04:00,-60,-803,-581,993,7,82.0
67,W034,5594,2025-06-09 13:11:17.210000-04:00,-65,-813,-582,1002,11,81.0
68,W034,5669,2025-06-09 13:11:17.285000-04:00,-68,-819,-581,1006,7,75.0
69,W034,5754,2025-06-09 13:11:17.370000-04:00,-67,-818,-575,1002,6,85.0
70,W034,5829,2025-06-09 13:11:17.445000-04:00,-66,-813,-572,996,6,75.0
71,W034,5909,2025-06-09 13:11:17.525000-04:00,-70,-811,-578,998,8,80.0
72,W034,5989,2025-06-09 13:11:17.605000-04:00,-69,-809,-589,1002,11,80.0
73,W034,6069,2025-06-09 13:11:17.685000-04:00,-63,-807,-591,1002,7,80.0
74,W034,6149,2025-06-09 13:11:17.765000-04:00,-64,-806,-582,996,9,80.0
75,W034,6229,2025-06-09 13:11:17.845000-04:00,-66,-810,-579,998,6,80.0
76,W034,6310,2025-06-09 13:11:17.926000-04:00,-61,-814,-590,1007,12,81.0
77,W034,6389,2025-06-09 13:11:18.005000-04:00,-65,-811,-589,1004,5,79.0
78,W034,6469,2025-06-09 13:11:18.085000-04:00,-72,-808,-589,1002,8,80.0
79,W034,6549,2025-06-09 13:11:18.165000-04:00,-72,-800,-605,1006,18,80.0
80,W034,6709,2025-06-09 13:11:18.325000-04:00,-73,-795,-611,1005,7,160.0
81,W034,6869,2025-06-09 13:11:18.485000-04:00,-78,-806,-592,1003,22,160.0
82,W034,6949,2025-06-09 13:11:18.565000-04:00,-72,-798,-589,994,10,80.0
83,W034,7029,2025-06-09 13:11:18.645000-04:00,-74,-798,-584,992,5,80.0
84,W034,7110,2025-06-09 13:11:18.726000-04:00,-70,-803,-583,995,6,81.0
85,W034,7191,2025-06-09 13:11:18.807000-04:00,-67,-805,-582,996,4,81.0
86,W034,7270,2025-06-09 13:11:18.886000-04:00,-73,-805,-574,991,10,79.0
87,W034,7352,2025-06-09 13:11:18.968000-04:00,-76,-805,-580,995,7,82.0
88,W034,7434,2025-06-09 13:11:19.050000-04:00,-80,-809,-589,1004,11,82.0
89,W034,7509,2025-06-09 13:11:19.125000-04:00,-77,-811,-589,1005,4,75.0
90,W034,7595,2025-06-09 13:11:19.211000-04:00,-68,-812,-582,1001,11,86.0
91,W034,7669,2025-06-09 13:11:19.285000-04:00,-68,-811,-582,1001,1,74.0
92,W034,7749,2025-06-09 13:11:19.365000-04:00,-66,-808,-584,999,4,80.0
93,W034,7829,2025-06-09 13:11:19.445000-04:00,-62,-806,-582,996,5,80.0
94,W034,7909,2025-06-09 13:11:19.525000-04:00,-60,-807,-584,998,3,80.0
95,W034,7989,2025-06-09 13:11:19.605000-04:00,-27,-735,-527,905,98,80.0
96,W034,8069,2025-06-09 13:11:19.685000-04:00,-48,-720,-462,857,69,80.0
97,W034,8149,2025-06-09 13:11:19.765000-04:00,-102,-761,-486,909,71,80.0
98,W034,8229,2025-06-09 13:11:19.845000-04:00,-66,-706,-511,874,70,80.0
99,W034,8309,2025-06-09 13:11:19.925000-04:00,-39,-707,-525,881,30,80.0
100,W034,8389,2025-06-09 13:11:20.005000-04:00,-51,-758,-551,939,59,80.0
101,W034,8469,2025-06-09 13:11:20.085000-04:00,-56,-781,-571,969,31,80.0
102,W034,8549,2025-06-09 13:11:20.165000-04:00,-57,-795,-581,986,17,80.0
103,W034,8629,2025-06-09 13:11:20.245000-04:00,-59,-806,-591,1001,15,80.0
104,W034,8709,2025-06-09 13:11:20.325000-04:00,-62,-813,-594,1009,8,80.0
105,W034,8789,2025-06-09 13:11:20.405000-04:00,-62,-813,-598,1011,4,80.0
106,W034,8869,2025-06-09 13:11:20.485000-04:00,-64,-812,-602,1013,4,80.0
107,W034,8949,2025-06-09 13:11:20.565000-04:00,-67,-812,-602,1013,2,80.0
108,W034,9110,2025-06-09 13:11:20.726000-04:00,-77,-805,-599,1006,9,161.0
109,W034,9192,2025-06-09 13:11:20.808000-04:00,-73,-806,-591,1002,9,82.0
110,W034,9274,2025-06-09 13:11:20.890000-04:00,-70,-808,-587,1002,6,82.0
111,W034,9349,2025-06-09 13:11:20.965000-04:00,-67,-807,-591,1003,4,75.0
112,W034,9434,2025-06-09 13:11:21.050000-04:00,-69,-808,-595,1006,5,85.0
113,W034,9509,2025-06-09 13:11:21.125000-04:00,-72,-806,-594,1004,3,75.0
114,W034,9589,2025-06-09 13:11:21.205000-04:00,-67,-806,-596,1004,5,80.0
115,W034,9669,2025-06-09 13:11:21.285000-04:00,-65,-805,-593,1002,4,80.0
116,W034,9749,2025-06-09 13:11:21.365000-04:00,-62,-803,-589,998,6,80.0
117,W034,9828,2025-06-09 13:11:21.444000-04:00,-57,-807,-592,1002,7,79.0
118,W034,9908,2025-06-09 13:11:21.524000-04:00,-62,-808,-590,1002,5,80.0
119,W034,9990,2025-06-09 13:11:21.606000-04:00,-61,-805,-592,1001,4,82.0
120,W034,10068,2025-06-09 13:11:21.684000-04:00,-61,-800,-598,1001,8,78.0
121,W034,10148,2025-06-09 13:11:21.764000-04:00,-64,-793,-599,996,7,80.0
122,W034,10228,2025-06-09 13:11:21.844000-04:00,-67,-792,-595,993,5,80.0
123,W034,10308,2025-06-09 13:11:21.924000-04:00,-73,-796,-583,989,14,80.0
124,W034,10388,2025-06-09 13:11:22.004000-04:00,-72,-796,-579,987,4,80.0
125,W034,10468,2025-06-09 13:11:22.084000-04:00,-63,-802,-586,995,12,80.0
126,W034,10548,2025-06-09 13:11:22.164000-04:00,-55,-806,-587,998,8,80.0
127,W034,10629,2025-06-09 13:11:22.245000-04:00,-53,-798,-581,988,10,81.0
128,W034,10710,2025-06-09 13:11:22.326000-04:00,-59,-790,-585,985,10,81.0
129,W034,10792,2025-06-09 13:11:22.408000-04:00,-66,-791,-586,987,7,82.0
130,W034,10875,2025-06-09 13:11:22.491000-04:00,-63,-796,-583,989,7,83.0
131,W034,10949,2025-06-09 13:11:22.565000-04:00,-63,-797,-592,994,9,74.0
132,W034,11031,2025-06-09 13:11:22.647000-04:00,-71,-813,-609,1019,26,82.0
133,W034,11113,2025-06-09 13:11:22.729000-04:00,-110,-877,-654,1099,87,82.0
134,W034,11188,2025-06-09 13:11:22.804000-04:00,-154,-815,-705,1089,91,75.0
135,W034,11274,2025-06-09 13:11:22.890000-04:00,-197,-677,-730,1015,147,86.0
136,W034,11348,2025-06-09 13:11:22.964000-04:00,-213,-539,-536,790,239,74.0
137,W034,11428,2025-06-09 13:11:23.044000-04:00,-314,-528,-548,823,102,80.0
138,W034,11508,2025-06-09 13:11:23.124000-04:00,-360,-543,-639,913,103,80.0
139,W034,11588,2025-06-09 13:11:23.204000-04:00,-285,-527,-663,894,80,80.0
140,W034,11668,2025-06-09 13:11:23.284000-04:00,-329,-634,-897,1146,261,80.0
141,W034,11748,2025-06-09 13:11:23.364000-04:00,-319,-609,-955,1177,64,80.0
142,W034,11828,2025-06-09 13:11:23.444000-04:00,-241,-494,-924,1075,143,80.0
143,W034,11908,2025-06-09 13:11:23.524000-04:00,-208,-432,-912,1031,70,80.0
144,W034,11988,2025-06-09 13:11:23.604000-04:00,-190,-407,-901,1007,34,80.0
145,W034,12068,2025-06-09 13:11:23.684000-04:00,-182,-382,-900,994,26,80.0
146,W034,12148,2025-06-09 13:11:23.764000-04:00,-176,-411,-910,1014,32,80.0
147,W034,12228,2025-06-09 13:11:23.844000-04:00,-155,-458,-908,1029,51,80.0
148,W034,12308,2025-06-09 13:11:23.924000-04:00,-133,-446,-900,1013,26,80.0
149,W034,12388,2025-06-09 13:11:24.004000-04:00,-135,-424,-911,1014,25,80.0
150,W034,12468,2025-06-09 13:11:24.084000-04:00,-149,-420,-911,1014,15,80.0
151,W034,12550,2025-06-09 13:11:24.166000-04:00,-160,-417,-897,1002,18,82.0
152,W034,12632,2025-06-09 13:11:24.248000-04:00,-165,-428,-901,1011,13,82.0
153,W034,12713,2025-06-09 13:11:24.329000-04:00,-166,-428,-908,1017,7,81.0
154,W034,12789,2025-06-09 13:11:24.405000-04:00,-168,-412,-888,993,25,76.0
155,W034,12872,2025-06-09 13:11:24.488000-04:00,-173,-421,-882,993,11,83.0
156,W034,12953,2025-06-09 13:11:24.569000-04:00,-177,-424,-888,1000,8,81.0
157,W034,13028,2025-06-09 13:11:24.644000-04:00,-160,-437,-880,995,22,75.0
158,W034,13114,2025-06-09 13:11:24.730000-04:00,-146,-436,-886,998,14,86.0
159,W034,13188,2025-06-09 13:11:24.804000-04:00,-163,-417,-892,999,26,74.0
160,W034,13268,2025-06-09 13:11:24.884000-04:00,-181,-422,-891,1003,19,80.0
161,W034,13348,2025-06-09 13:11:24.964000-04:00,-178,-423,-894,1005,4,80.0
162,W034,13428,2025-06-09 13:11:25.044000-04:00,-166,-419,-891,999,14,80.0
163,W034,13508,2025-06-09 13:11:25.124000-04:00,-160,-422,-894,1001,7,80.0
164,W034,13588,2025-06-09 13:11:25.204000-04:00,-160,-430,-905,1014,14,80.0
165,W034,13668,2025-06-09 13:11:25.284000-04:00,-165,-450,-893,1013,23,80.0
166,W034,13748,2025-06-09 13:11:25.364000-04:00,-170,-476,-872,1008,34,80.0
167,W034,13828,2025-06-09 13:11:25.444000-04:00,-176,-500,-881,1028,27,80.0
168,W034,13908,2025-06-09 13:11:25.524000-04:00,-158,-530,-1019,1160,143,80.0
169,W034,13988,2025-06-09 13:11:25.604000-04:00,-126,-512,-1175,1288,160,80.0
170,W034,14068,2025-06-09 13:11:25.684000-04:00,-174,-453,-1023,1132,170,80.0
171,W034,14148,2025-06-09 13:11:25.764000-04:00,-298,-384,-563,744,482,80.0
172,W034,14228,2025-06-09 13:11:25.844000-04:00,-427,-283,-97,521,494,80.0
173,W034,14308,2025-06-09 13:11:25.924000-04:00,-509,-249,335,658,441,80.0
174,W034,14389,2025-06-09 13:11:26.005000-04:00,-501,-364,827,1033,505,81.0
175,W034,14471,2025-06-09 13:11:26.087000-04:00,-458,-507,1132,1322,339,82.0
176,W034,14553,2025-06-09 13:11:26.169000-04:00,-438,-534,1007,1221,129,82.0
177,W034,14711,2025-06-09 13:11:26.327000-04:00,-385,-208,228,494,846,158.0
178,W034,14792,2025-06-09 13:11:26.408000-04:00,-364,59,-294,471,587,81.0
179,W034,14948,2025-06-09 13:11:26.564000-04:00,-294,267,-999,1075,739,156.0
180,W034,15028,2025-06-09 13:11:26.644000-04:00,-213,476,-1387,1482,448,80.0
181,W034,15108,2025-06-09 13:11:26.724000-04:00,-181,488,-1222,1328,168,80.0
182,W034,15188,2025-06-09 13:11:26.804000-04:00,-248,187,-749,811,565,80.0
183,W034,15268,2025-06-09 13:11:26.884000-04:00,-385,-142,-261,487,605,80.0
184,W034,15348,2025-06-09 13:11:26.964000-04:00,-416,-329,366,645,655,80.0
185,W034,15428,2025-06-09 13:11:27.044000-04:00,-396,-462,1071,1232,718,80.0
186,W034,15508,2025-06-09 13:11:27.124000-04:00,-396,-496,1242,1395,174,80.0
187,W034,15588,2025-06-09 13:11:27.204000-04:00,-352,-455,815,997,431,80.0
188,W034,15668,2025-06-09 13:11:27.284000-04:00,-295,-183,229,416,648,80.0
189,W034,15747,2025-06-09 13:11:27.363000-04:00,-260,176,-346,467,678,79.0
190,W034,15827,2025-06-09 13:11:27.443000-04:00,-133,365,-727,824,444,80.0
191,W034,15907,2025-06-09 13:11:27.523000-04:00,-30,577,-1127,1266,464,80.0
192,W034,15987,2025-06-09 13:11:27.603000-04:00,-63,703,-1422,1587,322,80.0
193,W034,16067,2025-06-09 13:11:27.683000-04:00,-89,617,-1184,1338,254,80.0
194,W034,16147,2025-06-09 13:11:27.763000-04:00,-152,406,-720,840,514,80.0
195,W034,16229,2025-06-09 13:11:27.845000-04:00,-325,116,-243,422,584,82.0
196,W034,16311,2025-06-09 13:11:27.927000-04:00,-478,-200,289,593,637,82.0
197,W034,16393,2025-06-09 13:11:28.009000-04:00,-477,-456,838,1067,606,82.0
198,W034,16550,2025-06-09 13:11:28.166000-04:00,-430,-583,1078,1299,100,157.0
199,W034,16632,2025-06-09 13:11:28.248000-04:00,-385,-467,670,903,427,82.0
200,W034,16708,2025-06-09 13:11:28.324000-04:00,-344,-254,305,526,424,76.0
201,W034,16787,2025-06-09 13:11:28.403000-04:00,-388,45,-166,424,560,79.0
202,W034,16872,2025-06-09 13:11:28.488000-04:00,-306,378,-904,1027,814,85.0
203,W034,16947,2025-06-09 13:11:28.563000-04:00,-145,568,-1380,1500,538,75.0
204,W034,17027,2025-06-09 13:11:28.643000-04:00,-131,598,-1307,1443,81,80.0
205,W034,17107,2025-06-09 13:11:28.723000-04:00,-162,502,-964,1098,357,80.0
206,W034,17187,2025-06-09 13:11:28.803000-04:00,-253,219,-516,615,537,80.0
207,W034,17267,2025-06-09 13:11:28.883000-04:00,-388,-58,-59,397,551,80.0
208,W034,17347,2025-06-09 13:11:28.963000-04:00,-471,-274,392,671,507,80.0
209,W034,17427,2025-06-09 13:11:29.043000-04:00,-455,-469,855,1076,502,80.0
210,W034,17507,2025-06-09 13:11:29.123000-04:00,-463,-574,1142,1360,306,80.0
211,W034,17587,2025-06-09 13:11:29.203000-04:00,-474,-575,1035,1275,107,80.0
212,W034,17667,2025-06-09 13:11:29.283000-04:00,-445,-495,640,924,404,80.0
213,W034,17747,2025-06-09 13:11:29.363000-04:00,-387,-296,178,518,507,80.0
214,W034,17827,2025-06-09 13:11:29.443000-04:00,-230,120,-478,544,792,80.0
215,W034,17907,2025-06-09 13:11:29.523000-04:00,-48,486,-1142,1242,780,80.0
216,W034,17987,2025-06-09 13:11:29.603000-04:00,-3,634,-1515,1642,403,80.0
217,W034,18069,2025-06-09 13:11:29.685000-04:00,-55,654,-1497,1635,59,82.0
218,W034,18150,2025-06-09 13:11:29.766000-04:00,-127,515,-1132,1250,398,81.0
219,W034,18232,2025-06-09 13:11:29.848000-04:00,-240,261,-656,746,551,82.0
220,W034,18389,2025-06-09 13:11:30.005000-04:00,-533,-257,222,632,524,157.0
221,W034,18471,2025-06-09 13:11:30.087000-04:00,-527,-489,686,994,519,82.0
222,W034,18553,2025-06-09 13:11:30.169000-04:00,-489,-634,1018,1295,364,82.0
223,W034,18627,2025-06-09 13:11:30.243000-04:00,-497,-656,1016,1307,24,74.0
224,W034,18712,2025-06-09 13:11:30.328000-04:00,-435,-537,699,983,344,85.0
225,W034,18787,2025-06-09 13:11:30.403000-04:00,-401,-326,311,603,443,75.0
226,W034,18867,2025-06-09 13:11:30.483000-04:00,-383,12,-180,423,596,80.0
227,W034,18947,2025-06-09 13:11:30.563000-04:00,-245,469,-934,1074,893,80.0
228,W034,19027,2025-06-09 13:11:30.643000-04:00,-37,724,-1398,1575,568,80.0
229,W034,19107,2025-06-09 13:11:30.723000-04:00,-11,743,-1219,1428,182,80.0
230,W034,19187,2025-06-09 13:11:30.803000-04:00,-156,609,-863,1068,407,80.0
231,W034,19268,2025-06-09 13:11:30.884000-04:00,-338,323,-551,722,461,81.0
232,W034,19347,2025-06-09 13:11:30.963000-04:00,-509,67,-213,555,457,79.0
233,W034,19427,2025-06-09 13:11:31.043000-04:00,-570,-224,248,660,548,80.0
234,W034,19507,2025-06-09 13:11:31.123000-04:00,-508,-528,708,1019,554,80.0
235,W034,19587,2025-06-09 13:11:31.203000-04:00,-471,-684,1034,1326,363,80.0
236,W034,19667,2025-06-09 13:11:31.283000-04:00,-464,-660,1048,1323,29,80.0
237,W034,19747,2025-06-09 13:11:31.363000-04:00,-412,-506,694,953,389,80.0
238,W034,19827,2025-06-09 13:11:31.443000-04:00,-344,-255,248,495,517,80.0
239,W034,19908,2025-06-09 13:11:31.524000-04:00,-271,134,-233,382,622,81.0
240,W034,19990,2025-06-09 13:11:31.606000-04:00,-123,509,-1048,1171,909,82.0
241,W034,20071,2025-06-09 13:11:31.687000-04:00,0,631,-1587,1708,567,81.0
242,W034,20229,2025-06-09 13:11:31.845000-04:00,-128,403,-989,1076,442,158.0
243,W034,20310,2025-06-09 13:11:31.926000-04:00,-257,219,-525,624,515,81.0
244,W034,20392,2025-06-09 13:11:32.008000-04:00,-446,-84,-93,463,561,82.0
245,W034,20467,2025-06-09 13:11:32.083000-04:00,-548,-378,388,771,573,75.0
246,W034,20553,2025-06-09 13:11:32.169000-04:00,-548,-628,862,1199,535,86.0
247,W034,20627,2025-06-09 13:11:32.243000-04:00,-533,-724,964,1318,141,74.0
248,W034,20707,2025-06-09 13:11:32.323000-04:00,-464,-625,682,1035,306,80.0
249,W034,20787,2025-06-09 13:11:32.403000-04:00,-295,-286,229,470,591,80.0
250,W034,20868,2025-06-09 13:11:32.484000-04:00,-156,111,-298,354,674,81.0
251,W034,20947,2025-06-09 13:11:32.563000-04:00,-120,292,-777,839,513,79.0
252,W034,21027,2025-06-09 13:11:32.643000-04:00,10,522,-1298,1399,584,80.0
253,W034,21107,2025-06-09 13:11:32.723000-04:00,84,741,-1530,1702,327,80.0
254,W034,21187,2025-06-09 13:11:32.803000-04:00,32,762,-1272,1483,264,80.0
255,W034,21267,2025-06-09 13:11:32.883000-04:00,-48,626,-842,1051,458,80.0
256,W034,21347,2025-06-09 13:11:32.963000-04:00,-224,289,-363,515,613,80.0
257,W034,21427,2025-06-09 13:11:33.043000-04:00,-414,-116,87,439,635,80.0
258,W034,21507,2025-06-09 13:11:33.123000-04:00,-482,-472,581,890,612,80.0
259,W034,21667,2025-06-09 13:11:33.283000-04:00,-504,-674,1000,1307,466,160.0
260,W034,21829,2025-06-09 13:11:33.445000-04:00,-452,-504,643,933,399,162.0
261,W034,21911,2025-06-09 13:11:33.527000-04:00,-374,-267,233,516,479,82.0
262,W034,21992,2025-06-09 13:11:33.608000-04:00,-300,-47,-141,335,440,81.0
263,W034,22068,2025-06-09 13:11:33.684000-04:00,-187,236,-560,636,518,76.0
264,W034,22150,2025-06-09 13:11:33.766000-04:00,-85,663,-1010,1211,628,82.0
265,W034,22231,2025-06-09 13:11:33.847000-04:00,-69,866,-1174,1460,261,81.0
266,W034,22306,2025-06-09 13:11:33.922000-04:00,-84,779,-998,1268,197,75.0
267,W034,22387,2025-06-09 13:11:34.003000-04:00,-179,505,-643,837,458,81.0
268,W034,22466,2025-06-09 13:11:34.082000-04:00,-317,164,-233,426,551,79.0
269,W034,22546,2025-06-09 13:11:34.162000-04:00,-440,-185,216,524,582,80.0
270,W034,22627,2025-06-09 13:11:34.243000-04:00,-503,-553,682,1012,597,81.0
271,W034,22706,2025-06-09 13:11:34.322000-04:00,-524,-747,991,1347,365,79.0
272,W034,22786,2025-06-09 13:11:34.402000-04:00,-547,-802,957,1363,68,80.0
273,W034,22866,2025-06-09 13:11:34.482000-04:00,-473,-648,635,1023,364,80.0
274,W034,22946,2025-06-09 13:11:34.562000-04:00,-322,-320,333,562,471,80.0
275,W034,23026,2025-06-09 13:11:34.642000-04:00,-217,47,-239,326,687,80.0
276,W034,23106,2025-06-09 13:11:34.722000-04:00,-63,525,-1113,1232,1008,80.0
277,W034,23187,2025-06-09 13:11:34.803000-04:00,54,742,-1469,1646,432,81.0
278,W034,23266,2025-06-09 13:11:34.882000-04:00,-19,693,-1295,1469,195,79.0
279,W034,23346,2025-06-09 13:11:34.962000-04:00,-129,620,-987,1173,334,80.0
280,W034,23426,2025-06-09 13:11:35.042000-04:00,-247,397,-604,764,459,80.0
281,W034,23506,2025-06-09 13:11:35.122000-04:00,-367,115,-224,446,488,80.0
282,W034,23586,2025-06-09 13:11:35.202000-04:00,-454,-229,251,567,593,80.0
283,W034,23668,2025-06-09 13:11:35.284000-04:00,-490,-604,780,1101,650,82.0
284,W034,23750,2025-06-09 13:11:35.366000-04:00,-493,-779,1051,1398,322,82.0
285,W034,23832,2025-06-09 13:11:35.448000-04:00,-476,-720,891,1240,171,82.0
286,W034,23989,2025-06-09 13:11:35.605000-04:00,-445,-209,80,498,542,157.0
287,W034,24071,2025-06-09 13:11:35.687000-04:00,-409,97,-383,568,556,82.0
288,W034,24146,2025-06-09 13:11:35.762000-04:00,-219,339,-863,953,571,75.0
289,W034,24226,2025-06-09 13:11:35.842000-04:00,-63,409,-1224,1292,399,80.0
290,W034,24311,2025-06-09 13:11:35.927000-04:00,-10,387,-1359,1413,147,85.0
291,W034,24386,2025-06-09 13:11:36.002000-04:00,-39,413,-1229,1297,136,75.0
292,W034,24466,2025-06-09 13:11:36.082000-04:00,-139,309,-778,849,473,80.0
293,W034,24546,2025-06-09 13:11:36.162000-04:00,-319,91,-308,453,549,80.0
294,W034,24626,2025-06-09 13:11:36.242000-04:00,-492,-133,94,518,491,80.0
295,W034,24706,2025-06-09 13:11:36.322000-04:00,-573,-406,496,860,493,80.0
296,W034,24786,2025-06-09 13:11:36.402000-04:00,-594,-681,815,1217,422,80.0
297,W034,24866,2025-06-09 13:11:36.482000-04:00,-580,-774,878,1307,113,80.0
298,W034,24946,2025-06-09 13:11:36.562000-04:00,-516,-649,643,1049,274,80.0
299,W034,25026,2025-06-09 13:11:36.642000-04:00,-444,-389,211,627,509,80.0
300,W034,25106,2025-06-09 13:11:36.722000-04:00,-398,-102,-236,474,533,80.0
301,W034,25186,2025-06-09 13:11:36.802000-04:00,-275,80,-599,664,424,80.0
302,W034,25266,2025-06-09 13:11:36.882000-04:00,-122,231,-980,1014,437,80.0
303,W034,25346,2025-06-09 13:11:36.962000-04:00,-57,370,-1387,1436,434,80.0
304,W034,25426,2025-06-09 13:11:37.042000-04:00,-16,491,-1444,1525,141,80.0
305,W034,25507,2025-06-09 13:11:37.123000-04:00,-45,530,-1067,1193,380,81.0
306,W034,25589,2025-06-09 13:11:37.205000-04:00,-194,339,-562,685,560,82.0
307,W034,25671,2025-06-09 13:11:37.287000-04:00,-359,87,-134,393,524,82.0
308,W034,25828,2025-06-09 13:11:37.444000-04:00,-523,-569,867,1161,652,157.0
309,W034,25910,2025-06-09 13:11:37.526000-04:00,-549,-693,1114,1422,278,82.0
310,W034,25992,2025-06-09 13:11:37.608000-04:00,-502,-595,875,1171,262,82.0
311,W034,26066,2025-06-09 13:11:37.682000-04:00,-420,-353,368,660,568,74.0
312,W034,26150,2025-06-09 13:11:37.766000-04:00,-270,29,-211,343,710,84.0
313,W034,26226,2025-06-09 13:11:37.842000-04:00,-91,238,-631,680,502,76.0
314,W034,26306,2025-06-09 13:11:37.922000-04:00,-2,422,-1001,1086,423,80.0
315,W034,26386,2025-06-09 13:11:38.002000-04:00,-59,681,-1351,1514,439,80.0
316,W034,26466,2025-06-09 13:11:38.082000-04:00,-107,803,-1295,1528,142,80.0
317,W034,26546,2025-06-09 13:11:38.162000-04:00,-139,731,-950,1207,354,80.0
318,W034,26626,2025-06-09 13:11:38.242000-04:00,-266,418,-585,766,497,80.0
319,W034,26706,2025-06-09 13:11:38.322000-04:00,-411,106,-207,472,511,80.0
320,W034,26786,2025-06-09 13:11:38.402000-04:00,-567,-178,207,629,525,80.0
321,W034,26866,2025-06-09 13:11:38.482000-04:00,-650,-471,628,1019,520,80.0
322,W034,26946,2025-06-09 13:11:38.562000-04:00,-681,-607,822,1229,240,80.0
323,W034,27026,2025-06-09 13:11:38.642000-04:00,-678,-540,687,1106,151,80.0
324,W034,27106,2025-06-09 13:11:38.722000-04:00,-620,-343,313,775,426,80.0
325,W034,27186,2025-06-09 13:11:38.802000-04:00,-535,-114,-81,553,464,80.0
326,W034,27266,2025-06-09 13:11:38.882000-04:00,-467,8,-375,599,325,80.0
327,W034,27347,2025-06-09 13:11:38.963000-04:00,-337,211,-809,902,497,81.0
328,W034,27428,2025-06-09 13:11:39.044000-04:00,-189,489,-1260,1365,550,81.0
329,W034,27510,2025-06-09 13:11:39.126000-04:00,-138,612,-1370,1507,172,82.0
330,W034,27667,2025-06-09 13:11:39.283000-04:00,-222,461,-800,950,414,157.0
331,W034,27749,2025-06-09 13:11:39.365000-04:00,-370,160,-344,530,566,82.0
332,W034,27831,2025-06-09 13:11:39.447000-04:00,-495,-147,113,528,564,82.0
333,W034,27906,2025-06-09 13:11:39.522000-04:00,-598,-436,580,940,558,75.0
334,W034,27992,2025-06-09 13:11:39.608000-04:00,-659,-635,849,1248,340,86.0
335,W034,28065,2025-06-09 13:11:39.681000-04:00,-622,-607,734,1137,124,73.0
336,W034,28146,2025-06-09 13:11:39.762000-04:00,-528,-419,358,763,430,81.0
337,W034,28225,2025-06-09 13:11:39.841000-04:00,-454,-190,18,493,416,79.0
338,W034,28305,2025-06-09 13:11:39.921000-04:00,-416,22,-336,535,414,80.0
339,W034,28386,2025-06-09 13:11:40.002000-04:00,-292,286,-756,859,512,81.0
340,W034,28465,2025-06-09 13:11:40.081000-04:00,-167,530,-1099,1231,438,79.0
341,W034,28545,2025-06-09 13:11:40.161000-04:00,-118,615,-1263,1409,191,80.0
342,W034,28626,2025-06-09 13:11:40.242000-04:00,-116,632,-1152,1319,112,81.0
343,W034,28705,2025-06-09 13:11:40.321000-04:00,-219,468,-852,996,357,79.0
344,W034,28785,2025-06-09 13:11:40.401000-04:00,-405,135,-468,634,541,80.0
345,W034,28866,2025-06-09 13:11:40.482000-04:00,-598,-161,-47,621,549,81.0
346,W034,28945,2025-06-09 13:11:40.561000-04:00,-714,-445,355,914,506,79.0
347,W034,29025,2025-06-09 13:11:40.641000-04:00,-767,-610,568,1133,274,80.0
348,W034,29105,2025-06-09 13:11:40.721000-04:00,-731,-561,497,1047,93,80.0
349,W034,29186,2025-06-09 13:11:40.802000-04:00,-620,-357,215,747,365,81.0
350,W034,29268,2025-06-09 13:11:40.884000-04:00,-493,-15,-203,534,555,82.0
351,W034,29350,2025-06-09 13:11:40.966000-04:00,-272,304,-689,800,622,82.0
352,W034,29507,2025-06-09 13:11:41.123000-04:00,-15,641,-1076,1252,574,157.0
353,W034,29670,2025-06-09 13:11:41.286000-04:00,-117,648,-1047,1237,106,163.0
354,W034,29825,2025-06-09 13:11:41.441000-04:00,-178,547,-824,1005,252,155.0
355,W034,29905,2025-06-09 13:11:41.521000-04:00,-261,243,-440,567,497,80.0
356,W034,29986,2025-06-09 13:11:41.602000-04:00,-423,-45,-5,426,546,81.0
357,W034,30065,2025-06-09 13:11:41.681000-04:00,-555,-405,428,809,578,79.0
358,W034,30145,2025-06-09 13:11:41.761000-04:00,-526,-824,618,1156,461,80.0
359,W034,30225,2025-06-09 13:11:41.841000-04:00,-464,-1081,433,1254,323,80.0
360,W034,30305,2025-06-09 13:11:41.921000-04:00,-386,-972,219,1069,253,80.0
361,W034,30385,2025-06-09 13:11:42.001000-04:00,-330,-533,131,640,452,80.0
362,W034,30465,2025-06-09 13:11:42.081000-04:00,-307,-81,232,393,464,80.0
363,W034,30545,2025-06-09 13:11:42.161000-04:00,-141,390,607,735,624,80.0
364,W034,30625,2025-06-09 13:11:42.241000-04:00,-66,885,893,1259,577,80.0
365,W034,30705,2025-06-09 13:11:42.321000-04:00,-155,1262,931,1576,389,80.0
366,W034,30785,2025-06-09 13:11:42.401000-04:00,-125,1409,885,1668,157,80.0
367,W034,30865,2025-06-09 13:11:42.481000-04:00,-77,1097,788,1353,330,80.0
368,W034,30945,2025-06-09 13:11:42.561000-04:00,-32,574,694,901,533,80.0
369,W034,31025,2025-06-09 13:11:42.641000-04:00,3,52,627,629,527,80.0
370,W034,31107,2025-06-09 13:11:42.723000-04:00,-155,-600,378,726,716,82.0
371,W034,31189,2025-06-09 13:11:42.805000-04:00,-373,-1105,69,1169,631,82.0
372,W034,31271,2025-06-09 13:11:42.887000-04:00,-464,-1236,34,1320,162,82.0
373,W034,31428,2025-06-09 13:11:43.044000-04:00,-316,-570,214,686,454,157.0
374,W034,31510,2025-06-09 13:11:43.126000-04:00,-302,-5,341,456,578,82.0
375,W034,31585,2025-06-09 13:11:43.201000-04:00,-334,491,547,807,538,75.0
376,W034,31665,2025-06-09 13:11:43.281000-04:00,-328,839,655,1114,364,80.0
377,W034,31750,2025-06-09 13:11:43.366000-04:00,-326,1204,654,1408,365,85.0
378,W034,31825,2025-06-09 13:11:43.441000-04:00,-351,1384,597,1547,190,75.0
379,W034,31905,2025-06-09 13:11:43.521000-04:00,-319,1113,507,1264,287,80.0
380,W034,31985,2025-06-09 13:11:43.601000-04:00,-276,608,501,835,507,80.0
381,W034,32065,2025-06-09 13:11:43.681000-04:00,-294,158,445,557,453,80.0
382,W034,32145,2025-06-09 13:11:43.761000-04:00,-358,-362,277,580,550,80.0
383,W034,32225,2025-06-09 13:11:43.841000-04:00,-424,-984,31,1072,672,80.0
384,W034,32305,2025-06-09 13:11:43.921000-04:00,-481,-1284,-137,1379,349,80.0
385,W034,32385,2025-06-09 13:11:44.001000-04:00,-475,-1175,-128,1274,110,80.0
386,W034,32465,2025-06-09 13:11:44.081000-04:00,-426,-861,-1,960,343,80.0
387,W034,32545,2025-06-09 13:11:44.161000-04:00,-388,-473,181,638,430,80.0
388,W034,32625,2025-06-09 13:11:44.241000-04:00,-306,-106,357,482,416,80.0
389,W034,32705,2025-06-09 13:11:44.321000-04:00,-260,331,678,799,544,80.0
390,W034,32785,2025-06-09 13:11:44.401000-04:00,-300,815,956,1292,560,80.0
391,W034,32865,2025-06-09 13:11:44.481000-04:00,-328,1190,979,1575,377,80.0
392,W034,32946,2025-06-09 13:11:44.562000-04:00,-311,1266,894,1581,115,81.0
393,W034,33028,2025-06-09 13:11:44.644000-04:00,-219,944,713,1203,381,82.0
394,W034,33110,2025-06-09 13:11:44.726000-04:00,-124,474,513,709,519,82.0
395,W034,33267,2025-06-09 13:11:44.883000-04:00,-209,-854,-236,910,964,157.0
396,W034,33349,2025-06-09 13:11:44.965000-04:00,-301,-1279,-543,1422,532,82.0
397,W034,33431,2025-06-09 13:11:45.047000-04:00,-367,-1131,-497,1289,168,82.0
398,W034,33505,2025-06-09 13:11:45.121000-04:00,-394,-1014,-390,1156,161,74.0
399,W034,33589,2025-06-09 13:11:45.205000-04:00,-389,-741,-299,889,288,84.0
400,W034,33665,2025-06-09 13:11:45.281000-04:00,-344,-293,-37,454,520,76.0
401,W034,33745,2025-06-09 13:11:45.361000-04:00,-263,250,413,550,710,80.0
402,W034,33824,2025-06-09 13:11:45.440000-04:00,-255,687,765,1059,561,79.0
403,W034,33905,2025-06-09 13:11:45.521000-04:00,-270,1024,947,1420,383,81.0
404,W034,33984,2025-06-09 13:11:45.600000-04:00,-298,1233,985,1606,214,79.0
405,W034,34064,2025-06-09 13:11:45.680000-04:00,-267,1115,828,1414,198,80.0
406,W034,34144,2025-06-09 13:11:45.760000-04:00,-208,691,599,938,486,80.0
407,W034,34224,2025-06-09 13:11:45.840000-04:00,-207,200,407,499,527,80.0
408,W034,34304,2025-06-09 13:11:45.920000-04:00,-260,-269,204,426,515,80.0
409,W034,34384,2025-06-09 13:11:46-04:00,-382,-990,-27,1061,766,80.0
410,W034,34464,2025-06-09 13:11:46.080000-04:00,-502,-1441,-133,1532,479,80.0
411,W034,34544,2025-06-09 13:11:46.160000-04:00,-492,-1267,-118,1364,175,80.0
412,W034,34624,2025-06-09 13:11:46.240000-04:00,-437,-871,-52,976,405,80.0
413,W034,34704,2025-06-09 13:11:46.320000-04:00,-397,-444,79,601,449,80.0
414,W034,34786,2025-06-09 13:11:46.402000-04:00,-291,-7,307,423,504,82.0
415,W034,34868,2025-06-09 13:11:46.484000-04:00,-267,525,662,886,640,82.0
416,W034,34949,2025-06-09 13:11:46.565000-04:00,-378,1003,927,1417,557,81.0
417,W034,35106,2025-06-09 13:11:46.722000-04:00,-414,1085,797,1409,164,157.0
418,W034,35188,2025-06-09 13:11:46.804000-04:00,-378,798,618,1078,341,82.0
419,W034,35271,2025-06-09 13:11:46.887000-04:00,-365,401,411,680,447,83.0
420,W034,35344,2025-06-09 13:11:46.960000-04:00,-358,-55,182,405,510,73.0
421,W034,35430,2025-06-09 13:11:47.046000-04:00,-386,-760,0,853,729,86.0
422,W034,35504,2025-06-09 13:11:47.120000-04:00,-422,-1273,-86,1344,521,74.0
423,W034,35584,2025-06-09 13:11:47.200000-04:00,-447,-1296,-114,1376,44,80.0
424,W034,35664,2025-06-09 13:11:47.280000-04:00,-405,-1032,-69,1111,271,80.0
425,W034,35744,2025-06-09 13:11:47.360000-04:00,-331,-604,51,691,450,80.0
426,W034,35824,2025-06-09 13:11:47.440000-04:00,-239,-42,272,364,611,80.0
427,W034,35904,2025-06-09 13:11:47.520000-04:00,-192,521,486,738,605,80.0
428,W034,35984,2025-06-09 13:11:47.600000-04:00,-253,924,705,1189,462,80.0
429,W034,36064,2025-06-09 13:11:47.680000-04:00,-324,1242,880,1556,370,80.0
430,W034,36144,2025-06-09 13:11:47.760000-04:00,-323,1300,856,1590,64,80.0
431,W034,36224,2025-06-09 13:11:47.840000-04:00,-287,1086,719,1334,257,80.0
432,W034,36304,2025-06-09 13:11:47.920000-04:00,-281,708,534,930,421,80.0
433,W034,36384,2025-06-09 13:11:48-04:00,-259,242,331,485,508,80.0
434,W034,36464,2025-06-09 13:11:48.080000-04:00,-252,-315,118,421,597,80.0
435,W034,36544,2025-06-09 13:11:48.160000-04:00,-354,-1053,-63,1113,766,80.0
436,W034,36625,2025-06-09 13:11:48.241000-04:00,-483,-1431,-157,1519,411,81.0
437,W034,36707,2025-06-09 13:11:48.323000-04:00,-496,-1293,-177,1396,140,82.0
438,W034,36789,2025-06-09 13:11:48.405000-04:00,-454,-979,-125,1087,320,82.0
439,W034,36870,2025-06-09 13:11:48.486000-04:00,-414,-560,12,696,443,81.0
440,W034,36946,2025-06-09 13:11:48.562000-04:00,-390,-154,178,456,439,76.0
441,W034,37027,2025-06-09 13:11:48.643000-04:00,-365,363,425,668,573,81.0
442,W034,37109,2025-06-09 13:11:48.725000-04:00,-348,916,703,1205,619,82.0
443,W034,37264,2025-06-09 13:11:48.880000-04:00,-384,1111,802,1423,222,155.0
444,W034,37344,2025-06-09 13:11:48.960000-04:00,-428,1005,738,1318,132,80.0
445,W034,37424,2025-06-09 13:11:49.040000-04:00,-451,860,632,1159,180,80.0
446,W034,37504,2025-06-09 13:11:49.120000-04:00,-470,592,521,918,291,80.0
447,W034,37584,2025-06-09 13:11:49.200000-04:00,-432,237,373,618,386,80.0
448,W034,37664,2025-06-09 13:11:49.280000-04:00,-377,-278,194,507,548,80.0
449,W034,37744,2025-06-09 13:11:49.360000-04:00,-438,-971,23,1065,716,80.0
450,W034,37824,2025-06-09 13:11:49.440000-04:00,-544,-1325,-19,1433,372,80.0
451,W034,37904,2025-06-09 13:11:49.520000-04:00,-499,-1208,40,1307,139,80.0
452,W034,37984,2025-06-09 13:11:49.600000-04:00,-392,-848,94,939,379,80.0
453,W034,38064,2025-06-09 13:11:49.680000-04:00,-357,-422,214,592,444,80.0
454,W034,38144,2025-06-09 13:11:49.760000-04:00,-292,4,366,468,456,80.0
455,W034,38224,2025-06-09 13:11:49.840000-04:00,-244,525,552,800,556,80.0
456,W034,38304,2025-06-09 13:11:49.920000-04:00,-299,1065,725,1323,570,80.0
457,W034,38384,2025-06-09 13:11:50-04:00,-329,1304,751,1541,243,80.0
458,W034,38465,2025-06-09 13:11:50.081000-04:00,-314,1193,697,1417,125,81.0
459,W034,38546,2025-06-09 13:11:50.162000-04:00,-304,911,607,1136,297,81.0
460,W034,38628,2025-06-09 13:11:50.244000-04:00,-305,560,446,778,386,82.0
461,W034,38709,2025-06-09 13:11:50.325000-04:00,-324,130,244,426,475,81.0
462,W034,38864,2025-06-09 13:11:50.480000-04:00,-373,-969,-153,1049,544,155.0
463,W034,38948,2025-06-09 13:11:50.564000-04:00,-476,-1221,-147,1319,273,84.0
464,W034,39030,2025-06-09 13:11:50.646000-04:00,-465,-1130,27,1223,197,82.0
465,W034,39104,2025-06-09 13:11:50.720000-04:00,-345,-725,148,817,439,74.0
466,W034,39189,2025-06-09 13:11:50.805000-04:00,-271,-243,252,443,498,85.0
467,W034,39264,2025-06-09 13:11:50.880000-04:00,-199,278,389,519,544,75.0
468,W034,39344,2025-06-09 13:11:50.960000-04:00,-218,824,586,1034,580,80.0
469,W034,39424,2025-06-09 13:11:51.040000-04:00,-266,1236,751,1470,446,80.0
470,W034,39504,2025-06-09 13:11:51.120000-04:00,-267,1331,781,1566,100,80.0
471,W034,39583,2025-06-09 13:11:51.199000-04:00,-262,1178,705,1398,170,79.0
472,W034,39663,2025-06-09 13:11:51.279000-04:00,-290,852,587,1074,348,80.0
473,W034,39743,2025-06-09 13:11:51.359000-04:00,-299,445,396,666,449,80.0
474,W034,39823,2025-06-09 13:11:51.439000-04:00,-312,-66,173,363,557,80.0
475,W034,39903,2025-06-09 13:11:51.519000-04:00,-399,-670,-1,779,635,80.0
476,W034,39983,2025-06-09 13:11:51.599000-04:00,-494,-1074,-89,1186,425,80.0
477,W034,40063,2025-06-09 13:11:51.679000-04:00,-542,-1210,-97,1329,144,80.0
478,W034,40143,2025-06-09 13:11:51.759000-04:00,-510,-1051,-44,1169,170,80.0
479,W034,40223,2025-06-09 13:11:51.839000-04:00,-459,-665,21,808,395,80.0
480,W034,40303,2025-06-09 13:11:51.919000-04:00,-427,-259,131,516,422,80.0
481,W034,40385,2025-06-09 13:11:52.001000-04:00,-354,219,342,539,528,82.0
482,W034,40467,2025-06-09 13:11:52.083000-04:00,-267,771,532,974,590,82.0
483,W034,40549,2025-06-09 13:11:52.165000-04:00,-335,1272,738,1508,545,82.0
484,W034,40706,2025-06-09 13:11:52.322000-04:00,-313,1186,662,1394,280,157.0
485,W034,40787,2025-06-09 13:11:52.403000-04:00,-242,893,619,1113,305,81.0
486,W034,40869,2025-06-09 13:11:52.485000-04:00,-247,482,536,762,419,82.0
487,W034,40943,2025-06-09 13:11:52.559000-04:00,-374,-18,326,496,557,74.0
488,W034,41030,2025-06-09 13:11:52.646000-04:00,-449,-500,119,683,530,87.0
489,W034,41103,2025-06-09 13:11:52.719000-04:00,-486,-935,-24,1054,459,73.0
490,W034,41183,2025-06-09 13:11:52.799000-04:00,-534,-1168,-56,1285,240,80.0
491,W034,41263,2025-06-09 13:11:52.879000-04:00,-522,-1066,-17,1187,110,80.0
492,W034,41343,2025-06-09 13:11:52.959000-04:00,-471,-709,61,853,369,80.0
493,W034,41423,2025-06-09 13:11:53.039000-04:00,-438,-302,161,556,420,80.0
494,W034,41503,2025-06-09 13:11:53.119000-04:00,-350,122,292,472,452,80.0
495,W034,41583,2025-06-09 13:11:53.199000-04:00,-259,648,494,855,571,80.0
496,W034,41663,2025-06-09 13:11:53.279000-04:00,-272,1207,718,1430,603,80.0
497,W034,41743,2025-06-09 13:11:53.359000-04:00,-273,1459,776,1675,259,80.0
498,W034,41823,2025-06-09 13:11:53.439000-04:00,-242,1303,680,1489,186,80.0
499,W034,41903,2025-06-09 13:11:53.519000-04:00,-260,936,542,1112,392,80.0
500,W034,41983,2025-06-09 13:11:53.599000-04:00,-314,518,372,710,455,80.0
501,W034,42063,2025-06-09 13:11:53.679000-04:00,-365,69,258,452,465,80.0
502,W034,42143,2025-06-09 13:11:53.759000-04:00,-392,-419,170,599,497,80.0
503,W034,42224,2025-06-09 13:11:53.840000-04:00,-443,-995,65,1091,588,81.0
504,W034,42306,2025-06-09 13:11:53.922000-04:00,-494,-1341,-6,1429,357,82.0
505,W034,42388,2025-06-09 13:11:54.004000-04:00,-448,-1221,-12,1301,128,82.0
506,W034,42546,2025-06-09 13:11:54.162000-04:00,-336,-319,109,476,496,158.0
507,W034,42626,2025-06-09 13:11:54.242000-04:00,-251,181,240,391,524,80.0
508,W034,42708,2025-06-09 13:11:54.324000-04:00,-166,742,469,893,612,82.0
509,W034,42783,2025-06-09 13:11:54.399000-04:00,-237,1216,709,1428,537,75.0
510,W034,42863,2025-06-09 13:11:54.479000-04:00,-273,1447,751,1653,237,80.0
511,W034,42943,2025-06-09 13:11:54.559000-04:00,-250,1324,625,1486,177,80.0
512,W034,43024,2025-06-09 13:11:54.640000-04:00,-267,955,470,1097,401,81.0
513,W034,43103,2025-06-09 13:11:54.719000-04:00,-307,518,314,679,466,79.0
514,W034,43183,2025-06-09 13:11:54.799000-04:00,-361,45,181,406,495,80.0
515,W034,43263,2025-06-09 13:11:54.879000-04:00,-426,-445,76,621,505,80.0
516,W034,43343,2025-06-09 13:11:54.959000-04:00,-516,-956,-47,1088,533,80.0
517,W034,43423,2025-06-09 13:11:55.039000-04:00,-571,-1242,-138,1374,305,80.0
518,W034,43503,2025-06-09 13:11:55.119000-04:00,-538,-1070,-88,1201,182,80.0
519,W034,43583,2025-06-09 13:11:55.199000-04:00,-536,-678,26,865,408,80.0
520,W034,43663,2025-06-09 13:11:55.279000-04:00,-543,-279,141,626,416,80.0
521,W034,43743,2025-06-09 13:11:55.359000-04:00,-459,76,280,543,390,80.0
522,W034,43823,2025-06-09 13:11:55.439000-04:00,-374,495,465,775,466,80.0
523,W034,43903,2025-06-09 13:11:55.519000-04:00,-352,1014,669,1265,558,80.0
524,W034,43983,2025-06-09 13:11:55.599000-04:00,-353,1394,721,1609,384,80.0
525,W034,44063,2025-06-09 13:11:55.679000-04:00,-331,1341,595,1504,138,80.0
526,W034,44145,2025-06-09 13:11:55.761000-04:00,-309,942,456,1091,423,82.0
527,W034,44227,2025-06-09 13:11:55.843000-04:00,-329,445,350,655,509,82.0
528,W034,44308,2025-06-09 13:11:55.924000-04:00,-415,-31,302,514,486,81.0
529,W034,44466,2025-06-09 13:11:56.082000-04:00,-513,-982,87,1111,516,158.0
530,W034,44547,2025-06-09 13:11:56.163000-04:00,-539,-1250,2,1362,282,81.0
531,W034,44629,2025-06-09 13:11:56.245000-04:00,-541,-1096,4,1222,154,82.0
532,W034,44787,2025-06-09 13:11:56.403000-04:00,-545,-835,-2,997,261,158.0
533,W034,44864,2025-06-09 13:11:56.480000-04:00,-492,-359,62,612,483,77.0
534,W034,44943,2025-06-09 13:11:56.559000-04:00,-397,278,210,529,662,79.0
535,W034,45023,2025-06-09 13:11:56.639000-04:00,-329,744,342,882,488,80.0
536,W034,45103,2025-06-09 13:11:56.719000-04:00,-372,1248,552,1415,548,80.0
537,W034,45183,2025-06-09 13:11:56.799000-04:00,-394,1517,631,1690,281,80.0
538,W034,45263,2025-06-09 13:11:56.879000-04:00,-284,1271,517,1402,292,80.0
539,W034,45343,2025-06-09 13:11:56.959000-04:00,-259,810,380,931,482,80.0
540,W034,45423,2025-06-09 13:11:57.039000-04:00,-313,312,255,510,516,80.0
541,W034,45503,2025-06-09 13:11:57.119000-04:00,-366,-211,125,440,541,80.0
542,W034,45582,2025-06-09 13:11:57.198000-04:00,-433,-669,11,797,476,79.0
543,W034,45662,2025-06-09 13:11:57.278000-04:00,-510,-1012,-80,1137,364,80.0
544,W034,45742,2025-06-09 13:11:57.358000-04:00,-528,-1232,-129,1346,226,80.0
545,W034,45822,2025-06-09 13:11:57.438000-04:00,-494,-1161,-94,1266,86,80.0
546,W034,45902,2025-06-09 13:11:57.518000-04:00,-479,-824,-18,953,346,80.0
547,W034,45984,2025-06-09 13:11:57.600000-04:00,-476,-438,52,649,393,82.0
548,W034,46066,2025-06-09 13:11:57.682000-04:00,-339,66,140,373,529,82.0
549,W034,46148,2025-06-09 13:11:57.764000-04:00,-143,610,255,677,590,82.0
550,W034,46305,2025-06-09 13:11:57.921000-04:00,-230,1576,571,1692,410,157.0
551,W034,46386,2025-06-09 13:11:58.002000-04:00,-188,1453,508,1551,144,81.0
552,W034,46468,2025-06-09 13:11:58.084000-04:00,-197,1028,387,1116,442,82.0
553,W034,46542,2025-06-09 13:11:58.158000-04:00,-232,526,217,614,531,74.0
554,W034,46627,2025-06-09 13:11:58.243000-04:00,-283,3,54,288,551,85.0
555,W034,46702,2025-06-09 13:11:58.318000-04:00,-382,-549,-105,677,583,75.0
556,W034,46782,2025-06-09 13:11:58.398000-04:00,-484,-1019,-316,1171,525,80.0
557,W034,46862,2025-06-09 13:11:58.478000-04:00,-541,-1210,-411,1388,221,80.0
558,W034,46942,2025-06-09 13:11:58.558000-04:00,-547,-997,-280,1171,250,80.0
559,W034,47022,2025-06-09 13:11:58.638000-04:00,-500,-642,-100,820,401,80.0
560,W034,47102,2025-06-09 13:11:58.718000-04:00,-435,-281,32,519,390,80.0
561,W034,47182,2025-06-09 13:11:58.798000-04:00,-302,149,217,401,487,80.0
562,W034,47262,2025-06-09 13:11:58.878000-04:00,-206,690,537,898,635,80.0
563,W034,47342,2025-06-09 13:11:58.958000-04:00,-237,1264,760,1494,617,80.0
564,W034,47422,2025-06-09 13:11:59.038000-04:00,-229,1459,767,1664,195,80.0
565,W034,47502,2025-06-09 13:11:59.118000-04:00,-212,1219,701,1422,249,80.0
566,W034,47582,2025-06-09 13:11:59.198000-04:00,-252,870,589,1080,369,80.0
567,W034,47662,2025-06-09 13:11:59.278000-04:00,-293,487,456,729,407,80.0
568,W034,47742,2025-06-09 13:11:59.358000-04:00,-306,94,242,401,448,80.0
569,W034,47823,2025-06-09 13:11:59.439000-04:00,-287,-569,-32,638,717,81.0
570,W034,47905,2025-06-09 13:11:59.521000-04:00,-368,-1135,-235,1216,606,82.0
571,W034,47987,2025-06-09 13:11:59.603000-04:00,-542,-1170,-249,1313,178,82.0
572,W034,48144,2025-06-09 13:11:59.760000-04:00,-579,-595,71,833,386,157.0
573,W034,48227,2025-06-09 13:11:59.843000-04:00,-644,-297,80,714,305,83.0
574,W034,48307,2025-06-09 13:11:59.923000-04:00,-813,84,-114,825,460,80.0
575,W034,48382,2025-06-09 13:11:59.998000-04:00,-797,601,-418,1082,600,75.0
576,W034,48472,2025-06-09 13:12:00.088000-04:00,-586,-21,-525,788,665,90.0
577,W034,48547,2025-06-09 13:12:00.163000-04:00,-339,-831,-543,1049,847,75.0
578,W034,48622,2025-06-09 13:12:00.238000-04:00,-256,-704,-550,930,152,75.0
579,W034,48702,2025-06-09 13:12:00.318000-04:00,-205,-210,-666,728,511,80.0
580,W034,48782,2025-06-09 13:12:00.398000-04:00,-165,285,-772,840,507,80.0
581,W034,48862,2025-06-09 13:12:00.478000-04:00,-108,577,-541,798,377,80.0
582,W034,48942,2025-06-09 13:12:00.558000-04:00,9,87,-395,404,525,80.0
583,W034,49022,2025-06-09 13:12:00.638000-04:00,51,-650,-493,817,744,80.0
584,W034,49102,2025-06-09 13:12:00.718000-04:00,64,-669,-621,915,130,80.0
585,W034,49182,2025-06-09 13:12:00.798000-04:00,26,-357,-635,729,315,80.0
586,W034,49262,2025-06-09 13:12:00.878000-04:00,-62,184,-615,645,548,80.0
587,W034,49342,2025-06-09 13:12:00.958000-04:00,-56,638,-578,863,456,80.0
588,W034,49422,2025-06-09 13:12:01.038000-04:00,15,32,-435,436,627,80.0
589,W034,49502,2025-06-09 13:12:01.118000-04:00,67,-736,-476,879,770,80.0
590,W034,49582,2025-06-09 13:12:01.198000-04:00,86,-793,-611,1005,148,80.0
591,W034,49662,2025-06-09 13:12:01.278000-04:00,72,-704,-616,938,91,80.0
592,W034,49744,2025-06-09 13:12:01.360000-04:00,33,-131,-610,625,574,82.0
593,W034,49826,2025-06-09 13:12:01.442000-04:00,1,466,-599,759,598,82.0
594,W034,50065,2025-06-09 13:12:01.681000-04:00,41,-769,-607,981,421,239.0
595,W034,50146,2025-06-09 13:12:01.762000-04:00,4,-848,-683,1089,115,81.0
596,W034,50228,2025-06-09 13:12:01.844000-04:00,-43,-115,-475,491,763,82.0
597,W034,50302,2025-06-09 13:12:01.918000-04:00,-72,670,-304,739,804,74.0
598,W034,50386,2025-06-09 13:12:02.002000-04:00,-46,871,-449,981,250,84.0
599,W034,50462,2025-06-09 13:12:02.078000-04:00,-10,207,-401,452,667,76.0
600,W034,50542,2025-06-09 13:12:02.158000-04:00,67,-637,-457,787,850,80.0
601,W034,50622,2025-06-09 13:12:02.238000-04:00,130,-819,-590,1018,234,80.0
602,W034,50702,2025-06-09 13:12:02.318000-04:00,145,-870,-678,1112,102,80.0
603,W034,50783,2025-06-09 13:12:02.399000-04:00,124,-153,-554,588,727,81.0
604,W034,50862,2025-06-09 13:12:02.478000-04:00,45,572,-448,728,737,79.0
605,W034,50942,2025-06-09 13:12:02.558000-04:00,69,643,-509,823,97,80.0
606,W034,51022,2025-06-09 13:12:02.638000-04:00,124,-26,-469,486,673,80.0
607,W034,51102,2025-06-09 13:12:02.718000-04:00,108,-721,-615,954,710,80.0
608,W034,51182,2025-06-09 13:12:02.798000-04:00,92,-782,-781,1109,178,80.0
609,W034,51262,2025-06-09 13:12:02.878000-04:00,31,-564,-725,919,234,80.0
610,W034,51342,2025-06-09 13:12:02.958000-04:00,-24,-13,-687,688,555,80.0
611,W034,51422,2025-06-09 13:12:03.038000-04:00,-16,437,-729,850,452,80.0
612,W034,51502,2025-06-09 13:12:03.118000-04:00,8,521,-422,670,319,80.0
613,W034,51583,2025-06-09 13:12:03.199000-04:00,56,-57,-245,258,607,81.0
614,W034,51665,2025-06-09 13:12:03.281000-04:00,84,-689,-518,866,688,82.0
615,W034,51747,2025-06-09 13:12:03.363000-04:00,82,-875,-666,1102,238,82.0
616,W034,51904,2025-06-09 13:12:03.520000-04:00,-36,-152,-638,657,556,157.0
617,W034,51985,2025-06-09 13:12:03.601000-04:00,-72,321,-742,811,486,81.0
618,W034,52067,2025-06-09 13:12:03.683000-04:00,-66,505,-614,797,224,82.0
619,W034,52141,2025-06-09 13:12:03.757000-04:00,-8,-13,-527,527,528,74.0
620,W034,52228,2025-06-09 13:12:03.844000-04:00,23,-574,-624,848,571,87.0
621,W034,52302,2025-06-09 13:12:03.918000-04:00,33,-678,-676,958,117,74.0
622,W034,52381,2025-06-09 13:12:03.997000-04:00,29,-554,-656,859,126,79.0
623,W034,52461,2025-06-09 13:12:04.077000-04:00,-43,-77,-689,695,484,80.0
624,W034,52621,2025-06-09 13:12:04.237000-04:00,-116,318,-770,841,410,160.0
625,W034,52781,2025-06-09 13:12:04.397000-04:00,-54,11,-599,602,357,160.0
626,W034,52861,2025-06-09 13:12:04.477000-04:00,46,-626,-658,909,647,80.0
627,W034,52941,2025-06-09 13:12:04.557000-04:00,59,-750,-691,1022,130,80.0
628,W034,53021,2025-06-09 13:12:04.637000-04:00,65,-609,-691,924,141,80.0
629,W034,53101,2025-06-09 13:12:04.717000-04:00,44,-74,-713,718,537,80.0
630,W034,53181,2025-06-09 13:12:04.797000-04:00,-39,379,-724,819,461,80.0
631,W034,53261,2025-06-09 13:12:04.877000-04:00,-140,676,-693,978,315,80.0
632,W034,53341,2025-06-09 13:12:04.957000-04:00,-168,63,-515,546,639,80.0
633,W034,53423,2025-06-09 13:12:05.039000-04:00,-115,-759,-524,929,823,82.0
634,W034,53504,2025-06-09 13:12:05.120000-04:00,-64,-804,-709,1074,198,81.0
635,W034,53586,2025-06-09 13:12:05.202000-04:00,-71,-505,-729,890,299,82.0
636,W034,53743,2025-06-09 13:12:05.359000-04:00,-41,454,-749,877,407,157.0
637,W034,53825,2025-06-09 13:12:05.441000-04:00,-57,551,-563,790,211,82.0
638,W034,53906,2025-06-09 13:12:05.522000-04:00,-31,-34,-480,482,591,81.0
639,W034,53981,2025-06-09 13:12:05.597000-04:00,-17,-634,-602,874,612,75.0
640,W034,54061,2025-06-09 13:12:05.677000-04:00,-25,-742,-718,1032,158,80.0
641,W034,54141,2025-06-09 13:12:05.757000-04:00,-73,-349,-741,822,396,80.0
642,W034,54221,2025-06-09 13:12:05.837000-04:00,-121,231,-721,767,582,80.0
643,W034,54301,2025-06-09 13:12:05.917000-04:00,-120,525,-721,900,294,80.0
644,W034,54381,2025-06-09 13:12:05.997000-04:00,-127,562,-547,794,178,80.0
645,W034,54462,2025-06-09 13:12:06.078000-04:00,-85,-37,-475,484,604,81.0
646,W034,54541,2025-06-09 13:12:06.157000-04:00,-70,-601,-598,851,577,79.0
647,W034,54621,2025-06-09 13:12:06.237000-04:00,-86,-696,-733,1015,166,80.0
648,W034,54701,2025-06-09 13:12:06.317000-04:00,-96,-257,-686,739,442,80.0
649,W034,54781,2025-06-09 13:12:06.397000-04:00,-102,314,-593,679,578,80.0
650,W034,54861,2025-06-09 13:12:06.477000-04:00,-106,532,-637,837,223,80.0
651,W034,54941,2025-06-09 13:12:06.557000-04:00,-97,607,-553,827,112,80.0
652,W034,55021,2025-06-09 13:12:06.637000-04:00,-47,41,-546,549,568,80.0
653,W034,55101,2025-06-09 13:12:06.717000-04:00,-5,-526,-616,810,573,80.0
654,W034,55181,2025-06-09 13:12:06.797000-04:00,36,-733,-623,963,211,80.0
655,W034,55262,2025-06-09 13:12:06.878000-04:00,31,-885,-588,1063,156,81.0
656,W034,55344,2025-06-09 13:12:06.960000-04:00,12,-299,-666,730,591,82.0
657,W034,55425,2025-06-09 13:12:07.041000-04:00,0,468,-706,847,768,81.0
658,W034,55507,2025-06-09 13:12:07.123000-04:00,0,583,-497,766,238,82.0
659,W034,55664,2025-06-09 13:12:07.280000-04:00,71,-644,-521,831,582,157.0
660,W034,55746,2025-06-09 13:12:07.362000-04:00,118,-788,-572,981,160,82.0
661,W034,55827,2025-06-09 13:12:07.443000-04:00,208,-891,-699,1151,187,81.0
662,W034,55901,2025-06-09 13:12:07.517000-04:00,375,-421,-937,1093,553,74.0
663,W034,55986,2025-06-09 13:12:07.602000-04:00,328,103,-897,960,527,85.0
664,W034,56061,2025-06-09 13:12:07.677000-04:00,-97,300,-480,574,627,75.0
665,W034,56141,2025-06-09 13:12:07.757000-04:00,-439,70,-28,446,612,80.0
666,W034,56221,2025-06-09 13:12:07.837000-04:00,-586,-340,384,779,600,80.0
667,W034,56301,2025-06-09 13:12:07.917000-04:00,-557,-388,316,749,88,80.0
668,W034,56381,2025-06-09 13:12:07.997000-04:00,-406,-401,-195,603,532,80.0
669,W034,56461,2025-06-09 13:12:08.077000-04:00,-109,-604,-646,891,577,80.0
670,W034,56541,2025-06-09 13:12:08.157000-04:00,339,-772,-874,1214,530,80.0
671,W034,56621,2025-06-09 13:12:08.237000-04:00,368,-575,-773,1031,223,80.0
672,W034,56701,2025-06-09 13:12:08.317000-04:00,-131,-323,-497,607,623,80.0
673,W034,56781,2025-06-09 13:12:08.397000-04:00,-777,-265,-225,851,704,80.0
674,W034,56861,2025-06-09 13:12:08.477000-04:00,-961,-334,-48,1018,264,80.0
675,W034,56941,2025-06-09 13:12:08.557000-04:00,-656,-153,-165,694,373,80.0
676,W034,57021,2025-06-09 13:12:08.637000-04:00,-282,7,-542,611,554,80.0
677,W034,57101,2025-06-09 13:12:08.717000-04:00,149,-484,-673,842,666,80.0
678,W034,57182,2025-06-09 13:12:08.798000-04:00,399,-1359,-641,1554,911,81.0
679,W034,57265,2025-06-09 13:12:08.881000-04:00,568,-1287,-620,1538,185,83.0
680,W034,57346,2025-06-09 13:12:08.962000-04:00,469,-453,-726,976,846,81.0
681,W034,57503,2025-06-09 13:12:09.119000-04:00,-609,-315,83,691,785,157.0
682,W034,57586,2025-06-09 13:12:09.202000-04:00,-748,-565,343,998,386,83.0
683,W034,57666,2025-06-09 13:12:09.282000-04:00,-611,-604,232,890,180,80.0
684,W034,57740,2025-06-09 13:12:09.356000-04:00,-571,-502,-18,760,273,74.0
685,W034,57821,2025-06-09 13:12:09.437000-04:00,-311,-634,-168,726,328,81.0
686,W034,57900,2025-06-09 13:12:09.516000-04:00,0,-1121,-514,1234,673,79.0
687,W034,57980,2025-06-09 13:12:09.596000-04:00,231,-1236,-744,1461,346,80.0
688,W034,58061,2025-06-09 13:12:09.677000-04:00,126,-607,-772,990,639,81.0
689,W034,58140,2025-06-09 13:12:09.756000-04:00,-265,-327,-575,712,519,79.0
690,W034,58220,2025-06-09 13:12:09.836000-04:00,-663,-393,29,772,727,80.0
691,W034,58301,2025-06-09 13:12:09.917000-04:00,-794,-584,344,1044,391,81.0
692,W034,58380,2025-06-09 13:12:09.996000-04:00,-695,-586,222,936,157,79.0
693,W034,58461,2025-06-09 13:12:10.077000-04:00,-629,-534,-13,825,250,81.0
694,W034,58541,2025-06-09 13:12:10.157000-04:00,-319,-743,-284,857,462,80.0
695,W034,58620,2025-06-09 13:12:10.236000-04:00,20,-1021,-407,1099,455,79.0
696,W034,58700,2025-06-09 13:12:10.316000-04:00,151,-1192,-363,1255,220,80.0
697,W034,58781,2025-06-09 13:12:10.397000-04:00,251,-965,-348,1056,249,81.0
698,W034,58860,2025-06-09 13:12:10.476000-04:00,124,-546,-325,647,438,79.0
699,W034,58941,2025-06-09 13:12:10.557000-04:00,-364,-406,-16,545,595,81.0
700,W034,59022,2025-06-09 13:12:10.638000-04:00,-820,-408,453,1022,654,81.0
701,W034,59103,2025-06-09 13:12:10.719000-04:00,-939,-650,408,1213,273,81.0
702,W034,59185,2025-06-09 13:12:10.801000-04:00,-775,-675,2,1028,439,82.0
703,W034,59424,2025-06-09 13:12:11.040000-04:00,173,-1044,-480,1162,524,239.0
704,W034,59506,2025-06-09 13:12:11.122000-04:00,465,-1492,-505,1642,535,82.0
705,W034,59580,2025-06-09 13:12:11.196000-04:00,554,-1422,-550,1622,121,74.0
706,W034,59660,2025-06-09 13:12:11.276000-04:00,282,-886,-328,986,640,80.0
707,W034,59745,2025-06-09 13:12:11.361000-04:00,-337,-642,114,734,799,85.0
708,W034,59820,2025-06-09 13:12:11.436000-04:00,-834,-588,403,1097,577,75.0
709,W034,59900,2025-06-09 13:12:11.516000-04:00,-843,-702,458,1189,126,80.0
710,W034,59980,2025-06-09 13:12:11.596000-04:00,-684,-605,197,934,321,80.0
711,W034,60140,2025-06-09 13:12:11.756000-04:00,-516,-384,-585,869,829,160.0
712,W034,60300,2025-06-09 13:12:11.916000-04:00,181,-1122,-622,1296,1016,160.0
713,W034,60380,2025-06-09 13:12:11.996000-04:00,346,-1305,-574,1467,251,80.0
714,W034,60460,2025-06-09 13:12:12.076000-04:00,317,-1102,-549,1271,207,80.0
715,W034,60540,2025-06-09 13:12:12.156000-04:00,106,-782,-244,826,490,80.0
716,W034,60620,2025-06-09 13:12:12.236000-04:00,-392,-515,253,695,753,80.0
717,W034,60700,2025-06-09 13:12:12.316000-04:00,-869,-398,451,1057,529,80.0
718,W034,60780,2025-06-09 13:12:12.396000-04:00,-893,-637,345,1150,262,80.0
719,W034,60861,2025-06-09 13:12:12.477000-04:00,-684,-573,23,893,388,81.0
720,W034,60943,2025-06-09 13:12:12.559000-04:00,-466,-261,-404,670,572,82.0
721,W034,61024,2025-06-09 13:12:12.640000-04:00,-227,-552,-681,906,468,81.0
722,W034,61107,2025-06-09 13:12:12.723000-04:00,17,-1136,-755,1364,637,83.0
723,W034,61263,2025-06-09 13:12:12.879000-04:00,212,-1248,-703,1448,204,156.0
724,W034,61345,2025-06-09 13:12:12.961000-04:00,-77,-1066,40,1069,818,82.0
725,W034,61427,2025-06-09 13:12:13.043000-04:00,-552,-660,585,1040,829,82.0
726,W034,61500,2025-06-09 13:12:13.116000-04:00,-710,-448,429,943,306,73.0
727,W034,61585,2025-06-09 13:12:13.201000-04:00,-770,-558,271,989,202,85.0
728,W034,61660,2025-06-09 13:12:13.276000-04:00,-675,-229,-27,713,454,75.0
729,W034,61740,2025-06-09 13:12:13.356000-04:00,-413,30,-625,750,703,80.0
730,W034,61820,2025-06-09 13:12:13.436000-04:00,-164,-231,-766,817,386,80.0
731,W034,61900,2025-06-09 13:12:13.516000-04:00,58,-731,-593,943,574,80.0
732,W034,61980,2025-06-09 13:12:13.596000-04:00,152,-1072,-561,1219,355,80.0
733,W034,62060,2025-06-09 13:12:13.676000-04:00,121,-1112,-413,1192,156,80.0
734,W034,62140,2025-06-09 13:12:13.756000-04:00,-162,-983,12,997,526,80.0
735,W034,62220,2025-06-09 13:12:13.836000-04:00,-551,-692,493,1013,684,80.0
736,W034,62300,2025-06-09 13:12:13.916000-04:00,-735,-541,499,1040,239,80.0
737,W034,62380,2025-06-09 13:12:13.996000-04:00,-812,-501,317,1006,201,80.0
738,W034,62460,2025-06-09 13:12:14.076000-04:00,-660,-200,2,690,461,80.0
739,W034,62540,2025-06-09 13:12:14.156000-04:00,-344,-66,-573,672,670,80.0
740,W034,62620,2025-06-09 13:12:14.236000-04:00,-103,-433,-859,968,524,80.0
741,W034,62700,2025-06-09 13:12:14.316000-04:00,90,-948,-908,1316,552,80.0
742,W034,62782,2025-06-09 13:12:14.398000-04:00,185,-1164,-820,1435,251,82.0
743,W034,62864,2025-06-09 13:12:14.480000-04:00,61,-990,-348,1051,518,82.0
744,W034,62945,2025-06-09 13:12:14.561000-04:00,-358,-669,102,766,693,81.0
745,W034,63102,2025-06-09 13:12:14.718000-04:00,-784,-526,292,988,133,157.0
746,W034,63184,2025-06-09 13:12:14.800000-04:00,-618,-357,190,738,258,82.0
747,W034,63266,2025-06-09 13:12:14.882000-04:00,-455,-108,-302,557,575,82.0
748,W034,63340,2025-06-09 13:12:14.956000-04:00,-193,-375,-500,654,422,74.0
749,W034,63426,2025-06-09 13:12:15.042000-04:00,100,-914,-502,1047,614,86.0
750,W034,63499,2025-06-09 13:12:15.115000-04:00,205,-1465,-528,1571,562,73.0
751,W034,63580,2025-06-09 13:12:15.196000-04:00,144,-1459,-445,1532,103,81.0
752,W034,63659,2025-06-09 13:12:15.275000-04:00,-106,-1084,50,1090,669,79.0
753,W034,63739,2025-06-09 13:12:15.355000-04:00,-561,-467,604,947,946,80.0
754,W034,63820,2025-06-09 13:12:15.436000-04:00,-765,-232,537,963,318,81.0
755,W034,63899,2025-06-09 13:12:15.515000-04:00,-726,-456,391,942,270,79.0
756,W034,63979,2025-06-09 13:12:15.595000-04:00,-591,-152,29,611,491,80.0
757,W034,64060,2025-06-09 13:12:15.676000-04:00,-372,98,-363,529,514,81.0
758,W034,64139,2025-06-09 13:12:15.755000-04:00,-67,-247,-492,555,478,79.0
759,W034,64219,2025-06-09 13:12:15.835000-04:00,325,-813,-666,1100,710,80.0
760,W034,64300,2025-06-09 13:12:15.916000-04:00,512,-1252,-680,1514,478,81.0
761,W034,64379,2025-06-09 13:12:15.995000-04:00,435,-1228,-462,1382,232,79.0
762,W034,64459,2025-06-09 13:12:16.075000-04:00,-27,-855,-36,856,731,80.0
763,W034,64539,2025-06-09 13:12:16.155000-04:00,-617,-500,127,804,708,80.0
764,W034,64622,2025-06-09 13:12:16.238000-04:00,-766,-411,36,871,195,83.0
765,W034,64703,2025-06-09 13:12:16.319000-04:00,-733,-490,113,889,115,81.0
766,W034,64785,2025-06-09 13:12:16.401000-04:00,-699,-155,-79,720,388,82.0
767,W034,64941,2025-06-09 13:12:16.557000-04:00,-429,188,-654,804,264,156.0
768,W034,65023,2025-06-09 13:12:16.639000-04:00,-75,-134,-825,839,508,82.0
769,W034,65106,2025-06-09 13:12:16.722000-04:00,135,-483,-942,1067,423,83.0
770,W034,65179,2025-06-09 13:12:16.795000-04:00,-9,-809,-740,1096,410,73.0
771,W034,65259,2025-06-09 13:12:16.875000-04:00,-377,-690,-249,825,625,80.0
772,W034,65339,2025-06-09 13:12:16.955000-04:00,-630,-403,-64,751,425,80.0
773,W034,65419,2025-06-09 13:12:17.035000-04:00,-775,-428,46,886,183,80.0
774,W034,65499,2025-06-09 13:12:17.115000-04:00,-881,-498,281,1050,267,80.0
775,W034,65579,2025-06-09 13:12:17.195000-04:00,-781,-144,11,794,456,80.0
776,W034,65659,2025-06-09 13:12:17.275000-04:00,-538,81,-455,710,572,80.0
777,W034,65739,2025-06-09 13:12:17.355000-04:00,-160,-349,-603,715,591,80.0
778,W034,65819,2025-06-09 13:12:17.435000-04:00,223,-1083,-570,1244,829,80.0
779,W034,65899,2025-06-09 13:12:17.515000-04:00,303,-1202,-531,1349,149,80.0
780,W034,65979,2025-06-09 13:12:17.595000-04:00,-1,-888,-131,898,593,80.0
781,W034,66059,2025-06-09 13:12:17.675000-04:00,-552,-567,214,820,724,80.0
782,W034,66139,2025-06-09 13:12:17.755000-04:00,-835,-435,227,968,313,80.0
783,W034,66219,2025-06-09 13:12:17.835000-04:00,-861,-480,281,1025,75,80.0
784,W034,66299,2025-06-09 13:12:17.915000-04:00,-711,-136,-75,728,517,80.0
785,W034,66379,2025-06-09 13:12:17.995000-04:00,-472,50,-542,720,556,80.0
786,W034,66461,2025-06-09 13:12:18.077000-04:00,-206,-265,-901,961,547,82.0
787,W034,66542,2025-06-09 13:12:18.158000-04:00,21,-661,-1199,1369,544,81.0
788,W034,66624,2025-06-09 13:12:18.240000-04:00,-5,-743,-1061,1296,162,82.0
789,W034,66862,2025-06-09 13:12:18.478000-04:00,-904,-361,339,1031,257,238.0
790,W034,66944,2025-06-09 13:12:18.560000-04:00,-865,-465,198,1001,180,82.0
791,W034,67027,2025-06-09 13:12:18.643000-04:00,-759,-69,-57,764,483,83.0
792,W034,67099,2025-06-09 13:12:18.715000-04:00,-429,302,-645,831,769,72.0
793,W034,67259,2025-06-09 13:12:18.875000-04:00,-200,161,-1144,1172,567,160.0
794,W034,67419,2025-06-09 13:12:19.035000-04:00,226,-277,-1190,1242,613,160.0
795,W034,67499,2025-06-09 13:12:19.115000-04:00,-134,-373,-654,765,653,80.0
796,W034,67579,2025-06-09 13:12:19.195000-04:00,-668,-220,-282,758,668,80.0
797,W034,67659,2025-06-09 13:12:19.275000-04:00,-798,-40,-191,822,240,80.0
798,W034,67739,2025-06-09 13:12:19.355000-04:00,-561,140,-120,590,306,80.0
799,W034,67819,2025-06-09 13:12:19.435000-04:00,-399,461,-535,811,549,80.0
800,W034,67899,2025-06-09 13:12:19.515000-04:00,-251,-94,-681,731,593,80.0
801,W034,67979,2025-06-09 13:12:19.595000-04:00,-65,-753,-604,968,690,80.0
802,W034,68059,2025-06-09 13:12:19.675000-04:00,54,-791,-719,1071,170,80.0
803,W034,68139,2025-06-09 13:12:19.755000-04:00,57,-778,-726,1066,15,80.0
804,W034,68219,2025-06-09 13:12:19.835000-04:00,11,-807,-717,1079,55,80.0
805,W034,68300,2025-06-09 13:12:19.916000-04:00,-9,-837,-683,1080,50,81.0
806,W034,68382,2025-06-09 13:12:19.998000-04:00,26,-806,-665,1046,50,82.0
807,W034,68464,2025-06-09 13:12:20.080000-04:00,78,-805,-641,1032,57,82.0
808,W034,68545,2025-06-09 13:12:20.161000-04:00,95,-799,-641,1028,18,81.0
809,W034,68702,2025-06-09 13:12:20.318000-04:00,102,-768,-654,1014,10,157.0
810,W034,68783,2025-06-09 13:12:20.399000-04:00,91,-768,-652,1011,11,81.0
811,W034,68865,2025-06-09 13:12:20.481000-04:00,69,-764,-639,998,26,82.0
812,W034,68939,2025-06-09 13:12:20.555000-04:00,84,-780,-633,1009,23,74.0
813,W034,69023,2025-06-09 13:12:20.639000-04:00,120,-797,-626,1020,40,84.0
814,W034,69099,2025-06-09 13:12:20.715000-04:00,133,-800,-617,1019,16,76.0
815,W034,69179,2025-06-09 13:12:20.795000-04:00,126,-801,-613,1017,8,80.0
816,W034,69259,2025-06-09 13:12:20.875000-04:00,110,-806,-602,1012,20,80.0
817,W034,69339,2025-06-09 13:12:20.955000-04:00,105,-806,-589,1004,13,80.0
818,W034,69418,2025-06-09 13:12:21.034000-04:00,137,-798,-568,989,39,79.0
819,W034,69498,2025-06-09 13:12:21.114000-04:00,156,-804,-556,989,23,80.0
820,W034,69579,2025-06-09 13:12:21.195000-04:00,166,-817,-556,1002,17,81.0
821,W034,69658,2025-06-09 13:12:21.274000-04:00,208,-827,-549,1014,43,79.0
822,W034,69738,2025-06-09 13:12:21.354000-04:00,256,-819,-538,1013,50,80.0
823,W034,69821,2025-06-09 13:12:21.437000-04:00,177,-804,-495,961,92,83.0
824,W034,69899,2025-06-09 13:12:21.515000-04:00,150,-799,-481,945,30,78.0
825,W034,69978,2025-06-09 13:12:21.594000-04:00,184,-790,-512,959,47,79.0
826,W034,70058,2025-06-09 13:12:21.674000-04:00,190,-780,-523,958,16,80.0
827,W034,70140,2025-06-09 13:12:21.756000-04:00,157,-845,-536,1013,74,82.0
828,W034,70221,2025-06-09 13:12:21.837000-04:00,118,-872,-553,1039,50,81.0
829,W034,70302,2025-06-09 13:12:21.918000-04:00,145,-806,-546,984,71,81.0
830,W034,70384,2025-06-09 13:12:22-04:00,201,-797,-531,978,59,82.0
831,W034,70541,2025-06-09 13:12:22.157000-04:00,173,-842,-516,1002,25,157.0
832,W034,70622,2025-06-09 13:12:22.238000-04:00,211,-805,-522,983,53,81.0
833,W034,70705,2025-06-09 13:12:22.321000-04:00,249,-698,-431,857,146,83.0
834,W034,70778,2025-06-09 13:12:22.394000-04:00,221,-710,-378,834,61,73.0
835,W034,70858,2025-06-09 13:12:22.474000-04:00,193,-792,-405,910,91,80.0
836,W034,70938,2025-06-09 13:12:22.554000-04:00,254,-789,-419,929,63,80.0
837,W034,71018,2025-06-09 13:12:22.634000-04:00,285,-792,-456,958,49,80.0
838,W034,71098,2025-06-09 13:12:22.714000-04:00,187,-822,-487,973,107,80.0
839,W034,71178,2025-06-09 13:12:22.794000-04:00,157,-842,-486,985,36,80.0
840,W034,71258,2025-06-09 13:12:22.874000-04:00,106,-832,-494,973,53,80.0
841,W034,71339,2025-06-09 13:12:22.955000-04:00,52,-807,-511,956,61,81.0
842,W034,71418,2025-06-09 13:12:23.034000-04:00,162,-831,-531,999,114,79.0
843,W034,71498,2025-06-09 13:12:23.114000-04:00,193,-856,-530,1026,41,80.0
844,W034,71578,2025-06-09 13:12:23.194000-04:00,277,-871,-517,1050,85,80.0
845,W034,71658,2025-06-09 13:12:23.274000-04:00,349,-896,-517,1092,77,80.0
846,W034,71738,2025-06-09 13:12:23.354000-04:00,264,-870,-512,1044,89,80.0
847,W034,71818,2025-06-09 13:12:23.434000-04:00,200,-848,-521,1015,68,80.0
848,W034,71899,2025-06-09 13:12:23.515000-04:00,240,-834,-531,1018,43,81.0
849,W034,71978,2025-06-09 13:12:23.594000-04:00,252,-822,-534,1012,17,79.0
850,W034,72060,2025-06-09 13:12:23.676000-04:00,254,-821,-542,1016,8,82.0
851,W034,72142,2025-06-09 13:12:23.758000-04:00,261,-828,-548,1026,11,82.0
852,W034,72223,2025-06-09 13:12:23.839000-04:00,256,-823,-552,1024,8,81.0
853,W034,72462,2025-06-09 13:12:24.078000-04:00,238,-816,-560,1018,19,239.0
854,W034,72543,2025-06-09 13:12:24.159000-04:00,264,-817,-568,1030,27,81.0
855,W034,72625,2025-06-09 13:12:24.241000-04:00,257,-820,-553,1022,16,82.0
